Index,Bodyweight,Gender,barbell-curl,barbell-shrug,bench-press,bent-over-row,cable-bicep-curl,chest-press,chin-ups,clean,clean-and-jerk,clean-and-press,close-grip-bench-press,deadlift,decline-bench-press,dips,dumbbell-bench-press,dumbbell-bulgarian-split-squat,dumbbell-curl,dumbbell-fly,dumbbell-lateral-raise,dumbbell-lunge,dumbbell-row,dumbbell-shoulder-press,dumbbell-shrug,dumbbell-tricep-extension,ez-bar-curl,front-squat,goblet-squat,hack-squat,hammer-curl,hex-bar-deadlift,hip-thrust,horizontal-leg-press,incline-bench-press,incline-dumbbell-bench-press,incline-dumbbell-curl,lat-pulldown,leg-extension,lying-leg-curl,lying-tricep-extension,machine-calf-raise,machine-chest-fly,machine-row,machine-shoulder-press,military-press,power-clean,preacher-curl,pull-ups,push-press,push-ups,rack-pull,romanian-deadlift,seated-cable-row,seated-dumbbell-shoulder-press,seated-leg-curl,seated-shoulder-press,shoulder-press,sled-leg-press,smith-machine-bench-press,snatch,squat,sumo-deadlift,t-bar-row,tricep-pushdown,tricep-rope-pushdown
Advanced_90_female,90,female,62.0,160.0,111.0,104.0,65.0,103.0,12.0,128.0,131.0,109.0,96.0,198.0,119.0,22.0,50.0,49.0,36.0,35.0,26.0,55.0,53.0,37.0,70.0,33.0,63.0,142.0,74.0,239.0,31.0,214.0,259.0,303.0,94.0,45.0,37.0,116.0,160.0,97.0,60.0,221.0,93.0,134.0,92.0,73.0,121.0,58.0,14.0,110.0,39.0,246.0,164.0,111.0,36.0,129.0,72.0,78.0,335.0,97.0,104.0,167.0,224.0,120.0,76.0,63.0
Beginner_90_female,90,female,7.0,14.0,19.0,23.0,4.0,12.0,0.0,51.0,46.0,25.0,22.0,54.0,18.0,0.0,6.0,9.0,4.0,4.0,4.0,9.0,11.0,7.0,6.0,4.0,13.0,47.0,16.0,22.0,6.0,68.0,47.0,51.0,12.0,8.0,5.0,31.0,26.0,20.0,8.0,12.0,11.0,22.0,8.0,17.0,42.0,6.0,0.0,35.0,0.0,68.0,46.0,29.0,7.0,24.0,7.0,16.0,44.0,14.0,32.0,39.0,80.0,22.0,9.0,8.0
Elite_90_female,90,female,92.0,242.0,157.0,143.0,99.0,151.0,20.0,160.0,167.0,148.0,131.0,264.0,171.0,36.0,74.0,68.0,53.0,51.0,37.0,79.0,73.0,52.0,106.0,48.0,87.0,184.0,103.0,359.0,44.0,279.0,364.0,429.0,137.0,64.0,54.0,154.0,227.0,135.0,87.0,345.0,136.0,190.0,139.0,100.0,156.0,86.0,25.0,144.0,61.0,327.0,218.0,149.0,51.0,181.0,108.0,107.0,487.0,140.0,136.0,226.0,286.0,168.0,113.0,92.0
Intermediate_90_female,90,female,38.0,93.0,71.0,70.0,36.0,62.0,6.0,98.0,97.0,74.0,65.0,139.0,75.0,10.0,30.0,32.0,22.0,21.0,16.0,35.0,35.0,24.0,40.0,19.0,42.0,104.0,50.0,140.0,20.0,156.0,168.0,194.0,58.0,29.0,23.0,81.0,102.0,65.0,37.0,121.0,56.0,85.0,53.0,50.0,90.0,34.0,6.0,80.0,19.0,173.0,116.0,78.0,24.0,84.0,42.0,52.0,206.0,60.0,75.0,114.0,167.0,78.0,46.0,39.0
Novice_90_female,90,female,19.0,43.0,40.0,42.0,16.0,32.0,0.0,72.0,68.0,45.0,40.0,90.0,41.0,0.0,15.0,18.0,11.0,11.0,9.0,19.0,21.0,14.0,19.0,10.0,25.0,72.0,30.0,67.0,12.0,107.0,96.0,109.0,30.0,16.0,12.0,53.0,57.0,39.0,19.0,51.0,29.0,48.0,25.0,31.0,63.0,16.0,0.0,55.0,4.0,114.0,76.0,50.0,14.0,49.0,20.0,31.0,109.0,32.0,51.0,71.0,119.0,46.0,23.0,21.0
Advanced_100_female,100,female,67.0,174.0,121.0,109.0,71.0,108.0,12.0,134.0,137.0,113.0,106.0,211.0,130.0,22.0,54.0,51.0,38.0,37.0,27.0,57.0,56.0,40.0,75.0,35.0,68.0,151.0,77.0,257.0,34.0,228.0,270.0,319.0,104.0,49.0,38.0,121.0,167.0,103.0,63.0,238.0,100.0,142.0,98.0,80.0,128.0,64.0,14.0,116.0,38.0,265.0,172.0,118.0,39.0,134.0,79.0,83.0,361.0,109.0,109.0,179.0,234.0,127.0,83.0,69.0
Beginner_100_female,100,female,9.0,18.0,23.0,25.0,6.0,14.0,0.0,55.0,49.0,27.0,27.0,61.0,22.0,0.0,7.0,10.0,5.0,5.0,4.0,9.0,12.0,8.0,7.0,4.0,16.0,52.0,17.0,28.0,7.0,76.0,51.0,58.0,16.0,9.0,5.0,34.0,29.0,22.0,9.0,16.0,14.0,26.0,10.0,20.0,46.0,8.0,0.0,38.0,0.0,78.0,50.0,33.0,8.0,27.0,9.0,19.0,54.0,19.0,35.0,46.0,87.0,26.0,11.0,10.0
Elite_100_female,100,female,98.0,259.0,169.0,149.0,107.0,158.0,20.0,167.0,174.0,154.0,143.0,279.0,184.0,35.0,79.0,71.0,56.0,53.0,38.0,81.0,77.0,55.0,112.0,51.0,93.0,194.0,105.0,381.0,47.0,294.0,378.0,449.0,149.0,69.0,56.0,160.0,236.0,141.0,91.0,366.0,145.0,200.0,146.0,107.0,164.0,94.0,24.0,150.0,59.0,349.0,228.0,157.0,54.0,187.0,116.0,114.0,518.0,155.0,142.0,241.0,297.0,176.0,120.0,98.0
Intermediate_100_female,100,female,41.0,104.0,79.0,74.0,41.0,66.0,6.0,104.0,102.0,78.0,74.0,150.0,84.0,10.0,33.0,33.0,23.0,23.0,17.0,37.0,38.0,27.0,44.0,21.0,46.0,111.0,52.0,153.0,22.0,167.0,177.0,207.0,65.0,32.0,24.0,85.0,107.0,69.0,39.0,134.0,62.0,92.0,58.0,55.0,96.0,39.0,6.0,85.0,20.0,189.0,123.0,83.0,26.0,89.0,48.0,56.0,227.0,70.0,79.0,124.0,176.0,84.0,51.0,43.0
Novice_100_female,100,female,21.0,51.0,46.0,46.0,19.0,35.0,0.0,77.0,73.0,48.0,47.0,99.0,47.0,0.0,17.0,20.0,12.0,12.0,9.0,20.0,23.0,16.0,21.0,11.0,28.0,78.0,32.0,76.0,13.0,116.0,103.0,119.0,36.0,19.0,13.0,56.0,61.0,42.0,21.0,59.0,33.0,53.0,28.0,35.0,68.0,20.0,0.0,59.0,5.0,126.0,82.0,54.0,16.0,52.0,24.0,35.0,124.0,40.0,54.0,79.0,126.0,50.0,27.0,24.0
Advanced_110_female,110,female,71.0,188.0,130.0,115.0,77.0,113.0,12.0,141.0,142.0,118.0,116.0,224.0,141.0,22.0,58.0,53.0,40.0,38.0,28.0,59.0,59.0,42.0,80.0,37.0,72.0,158.0,79.0,274.0,36.0,240.0,281.0,334.0,113.0,53.0,40.0,125.0,173.0,107.0,66.0,255.0,108.0,150.0,103.0,86.0,135.0,69.0,14.0,121.0,37.0,282.0,180.0,125.0,42.0,139.0,86.0,89.0,385.0,121.0,114.0,191.0,244.0,133.0,88.0,73.0
Advanced_110_male,110,male,52.0,238.0,173.0,156.0,130.0,199.0,26.0,180.0,185.0,160.0,150.0,275.0,179.0,34.0,85.0,69.0,59.0,56.0,39.0,71.0,86.0,61.0,99.0,54.0,99.0,194.0,105.0,322.0,48.0,311.0,265.0,408.0,148.0,73.0,45.0,177.0,225.0,142.0,83.0,310.0,182.0,203.0,156.0,111.0,179.0,101.0,27.0,154.0,73.0,363.0,227.0,171.0,60.0,184.0,119.0,117.0,437.0,187.0,156.0,229.0,309.0,170.0,124.0,103.0
Beginner_110_female,110,female,10.0,23.0,27.0,28.0,8.0,16.0,0.0,59.0,53.0,29.0,32.0,67.0,27.0,0.0,8.0,11.0,6.0,6.0,5.0,10.0,14.0,9.0,9.0,5.0,18.0,56.0,18.0,33.0,8.0,83.0,56.0,64.0,19.0,11.0,6.0,36.0,32.0,25.0,10.0,21.0,17.0,29.0,11.0,23.0,50.0,10.0,0.0,41.0,0.0,88.0,54.0,36.0,9.0,29.0,11.0,22.0,64.0,24.0,37.0,51.0,93.0,28.0,13.0,12.0
Beginner_110_male,110,male,6.0,37.0,53.0,46.0,13.0,38.0,0.0,68.0,56.0,42.0,49.0,96.0,53.0,0.0,18.0,11.0,7.0,6.0,3.0,7.0,16.0,13.0,14.0,3.0,26.0,67.0,17.0,50.0,8.0,120.0,32.0,80.0,48.0,21.0,6.0,54.0,46.0,26.0,13.0,24.0,38.0,40.0,21.0,33.0,61.0,19.0,0.0,40.0,0.0,111.0,62.0,52.0,12.0,37.0,23.0,32.0,88.0,59.0,43.0,74.0,113.0,38.0,16.0,14.0
Elite_110_female,110,female,103.0,275.0,180.0,155.0,115.0,164.0,19.0,174.0,180.0,159.0,154.0,294.0,197.0,34.0,84.0,74.0,58.0,55.0,40.0,84.0,81.0,58.0,117.0,54.0,98.0,203.0,108.0,401.0,49.0,308.0,390.0,467.0,160.0,73.0,57.0,166.0,244.0,147.0,95.0,386.0,154.0,210.0,153.0,114.0,171.0,101.0,24.0,155.0,57.0,369.0,236.0,165.0,58.0,193.0,125.0,120.0,546.0,169.0,147.0,254.0,308.0,184.0,127.0,104.0
Elite_110_male,110,male,72.0,341.0,226.0,206.0,193.0,278.0,37.0,227.0,242.0,214.0,194.0,352.0,236.0,50.0,118.0,99.0,86.0,84.0,59.0,105.0,120.0,84.0,143.0,84.0,133.0,249.0,150.0,461.0,68.0,392.0,388.0,568.0,192.0,96.0,65.0,232.0,311.0,199.0,118.0,471.0,251.0,283.0,225.0,145.0,230.0,140.0,40.0,207.0,109.0,474.0,303.0,224.0,83.0,256.0,166.0,156.0,607.0,244.0,208.0,298.0,392.0,233.0,181.0,150.0
Intermediate_110_female,110,female,45.0,114.0,87.0,79.0,46.0,70.0,6.0,109.0,107.0,81.0,82.0,161.0,92.0,10.0,36.0,35.0,25.0,24.0,18.0,38.0,40.0,29.0,48.0,23.0,50.0,118.0,54.0,166.0,24.0,178.0,185.0,219.0,72.0,35.0,25.0,89.0,113.0,73.0,42.0,146.0,68.0,99.0,62.0,60.0,102.0,43.0,6.0,89.0,20.0,204.0,129.0,89.0,29.0,93.0,53.0,61.0,246.0,80.0,83.0,134.0,185.0,89.0,55.0,47.0
Intermediate_110_male,110,male,34.0,151.0,125.0,111.0,77.0,130.0,15.0,136.0,133.0,112.0,110.0,204.0,128.0,19.0,57.0,44.0,36.0,33.0,23.0,42.0,56.0,41.0,61.0,30.0,69.0,144.0,67.0,203.0,30.0,236.0,161.0,269.0,108.0,52.0,28.0,128.0,149.0,92.0,52.0,177.0,121.0,134.0,96.0,80.0,132.0,66.0,15.0,108.0,42.0,261.0,160.0,123.0,40.0,122.0,78.0,83.0,289.0,135.0,110.0,167.0,232.0,114.0,76.0,64.0
Novice_110_female,110,female,24.0,58.0,52.0,49.0,22.0,38.0,0.0,82.0,77.0,51.0,54.0,108.0,54.0,1.0,20.0,21.0,13.0,13.0,10.0,22.0,25.0,18.0,24.0,12.0,31.0,83.0,33.0,85.0,14.0,125.0,110.0,128.0,41.0,21.0,13.0,59.0,65.0,45.0,23.0,68.0,37.0,58.0,31.0,39.0,73.0,23.0,0.0,62.0,6.0,139.0,87.0,59.0,18.0,56.0,28.0,38.0,138.0,47.0,58.0,87.0,134.0,54.0,30.0,26.0
Novice_110_male,110,male,18.0,83.0,84.0,74.0,38.0,76.0,6.0,98.0,89.0,72.0,76.0,144.0,86.0,7.0,34.0,25.0,18.0,16.0,11.0,20.0,33.0,25.0,33.0,13.0,44.0,101.0,37.0,112.0,17.0,172.0,83.0,158.0,75.0,35.0,15.0,86.0,89.0,53.0,29.0,81.0,73.0,79.0,51.0,53.0,92.0,39.0,5.0,69.0,16.0,177.0,104.0,83.0,24.0,73.0,46.0,54.0,172.0,92.0,72.0,114.0,166.0,70.0,40.0,34.0
Advanced_120_female,120,female,75.0,200.0,139.0,119.0,83.0,118.0,12.0,146.0,147.0,122.0,125.0,235.0,150.0,21.0,62.0,55.0,43.0,40.0,29.0,61.0,62.0,45.0,84.0,39.0,77.0,166.0,81.0,289.0,38.0,252.0,290.0,349.0,121.0,56.0,41.0,130.0,180.0,112.0,69.0,270.0,115.0,158.0,108.0,91.0,141.0,75.0,14.0,125.0,36.0,299.0,187.0,131.0,45.0,144.0,92.0,94.0,407.0,133.0,118.0,201.0,253.0,139.0,94.0,78.0
Advanced_120_male,120,male,51.0,265.0,191.0,171.0,138.0,214.0,25.0,194.0,199.0,172.0,167.0,300.0,199.0,34.0,92.0,75.0,63.0,61.0,42.0,77.0,94.0,68.0,108.0,60.0,107.0,211.0,112.0,351.0,52.0,335.0,294.0,442.0,165.0,80.0,49.0,189.0,239.0,153.0,92.0,337.0,197.0,222.0,171.0,122.0,192.0,108.0,26.0,168.0,72.0,391.0,249.0,185.0,66.0,196.0,133.0,129.0,479.0,203.0,168.0,252.0,336.0,186.0,135.0,112.0
Beginner_120_female,120,female,12.0,27.0,32.0,30.0,10.0,18.0,0.0,63.0,56.0,31.0,37.0,74.0,31.0,0.0,10.0,12.0,6.0,6.0,5.0,11.0,15.0,11.0,10.0,6.0,20.0,60.0,19.0,39.0,9.0,90.0,60.0,71.0,23.0,12.0,6.0,39.0,34.0,27.0,11.0,25.0,20.0,32.0,13.0,26.0,54.0,12.0,0.0,44.0,0.0,97.0,58.0,39.0,11.0,31.0,14.0,24.0,73.0,29.0,40.0,57.0,98.0,31.0,15.0,14.0
Beginner_120_male,120,male,6.0,48.0,63.0,54.0,16.0,45.0,0.0,77.0,64.0,49.0,59.0,111.0,64.0,0.0,21.0,13.0,8.0,7.0,4.0,9.0,20.0,16.0,17.0,5.0,30.0,77.0,20.0,61.0,10.0,135.0,43.0,95.0,58.0,25.0,8.0,60.0,52.0,31.0,17.0,32.0,45.0,48.0,27.0,40.0,69.0,23.0,0.0,48.0,0.0,128.0,73.0,59.0,15.0,43.0,29.0,39.0,107.0,68.0,49.0,87.0,130.0,45.0,20.0,18.0
Elite_120_female,120,female,108.0,291.0,190.0,161.0,122.0,170.0,19.0,181.0,186.0,164.0,165.0,307.0,208.0,33.0,89.0,76.0,61.0,57.0,41.0,86.0,84.0,61.0,123.0,56.0,103.0,211.0,110.0,420.0,51.0,322.0,401.0,483.0,170.0,77.0,59.0,171.0,251.0,152.0,98.0,405.0,162.0,218.0,159.0,121.0,178.0,107.0,23.0,161.0,55.0,388.0,244.0,171.0,61.0,198.0,132.0,126.0,573.0,182.0,152.0,267.0,318.0,191.0,134.0,109.0
Elite_120_male,120,male,71.0,373.0,247.0,223.0,203.0,296.0,36.0,243.0,259.0,228.0,213.0,380.0,259.0,50.0,126.0,105.0,91.0,89.0,63.0,113.0,130.0,92.0,154.0,91.0,142.0,268.0,158.0,495.0,73.0,419.0,423.0,608.0,211.0,104.0,70.0,245.0,328.0,213.0,129.0,504.0,269.0,305.0,244.0,159.0,245.0,149.0,39.0,223.0,106.0,507.0,328.0,240.0,90.0,270.0,183.0,169.0,656.0,262.0,221.0,324.0,423.0,252.0,194.0,160.0
Intermediate_120_female,120,female,48.0,124.0,94.0,82.0,50.0,74.0,7.0,114.0,111.0,85.0,90.0,171.0,100.0,10.0,39.0,37.0,27.0,25.0,19.0,39.0,42.0,31.0,51.0,25.0,53.0,124.0,55.0,178.0,25.0,188.0,193.0,231.0,79.0,38.0,26.0,93.0,118.0,77.0,44.0,158.0,74.0,105.0,66.0,65.0,107.0,47.0,7.0,93.0,20.0,218.0,135.0,94.0,31.0,96.0,58.0,65.0,264.0,89.0,87.0,143.0,192.0,94.0,60.0,51.0
Intermediate_120_male,120,male,33.0,172.0,140.0,124.0,84.0,143.0,15.0,148.0,145.0,122.0,124.0,225.0,145.0,20.0,62.0,48.0,39.0,37.0,25.0,46.0,63.0,46.0,68.0,34.0,75.0,158.0,72.0,226.0,34.0,258.0,184.0,296.0,122.0,58.0,31.0,137.0,161.0,101.0,60.0,198.0,134.0,149.0,109.0,89.0,144.0,72.0,15.0,119.0,42.0,286.0,178.0,135.0,45.0,132.0,90.0,92.0,323.0,149.0,120.0,187.0,255.0,128.0,85.0,71.0
Novice_120_female,120,female,26.0,65.0,58.0,52.0,26.0,40.0,0.0,86.0,81.0,54.0,60.0,116.0,60.0,1.0,22.0,22.0,15.0,14.0,11.0,23.0,27.0,19.0,26.0,13.0,34.0,89.0,34.0,94.0,16.0,134.0,116.0,137.0,46.0,23.0,14.0,62.0,69.0,48.0,25.0,76.0,42.0,62.0,34.0,43.0,78.0,26.0,0.0,66.0,6.0,150.0,91.0,63.0,19.0,58.0,32.0,42.0,151.0,54.0,61.0,94.0,140.0,58.0,33.0,29.0
Novice_120_male,120,male,18.0,99.0,97.0,85.0,43.0,86.0,7.0,109.0,99.0,81.0,88.0,162.0,99.0,8.0,38.0,28.0,20.0,19.0,12.0,24.0,38.0,29.0,38.0,16.0,49.0,113.0,41.0,129.0,20.0,190.0,100.0,180.0,86.0,40.0,17.0,94.0,98.0,60.0,35.0,95.0,83.0,91.0,60.0,62.0,102.0,43.0,6.0,79.0,17.0,197.0,119.0,92.0,28.0,80.0,55.0,62.0,198.0,104.0,80.0,131.0,186.0,80.0,46.0,40.0
Advanced_130_female,130,female,79.0,212.0,148.0,124.0,89.0,123.0,12.0,152.0,152.0,126.0,134.0,246.0,160.0,21.0,66.0,57.0,45.0,41.0,30.0,62.0,65.0,47.0,88.0,41.0,81.0,172.0,83.0,304.0,39.0,263.0,300.0,362.0,130.0,60.0,42.0,134.0,185.0,116.0,72.0,285.0,121.0,164.0,113.0,97.0,147.0,80.0,14.0,130.0,35.0,315.0,193.0,136.0,48.0,148.0,98.0,99.0,429.0,143.0,122.0,212.0,261.0,145.0,99.0,82.0
Advanced_130_male,130,male,50.0,291.0,208.0,186.0,147.0,228.0,25.0,207.0,212.0,184.0,184.0,323.0,218.0,34.0,99.0,80.0,66.0,65.0,45.0,82.0,102.0,74.0,116.0,65.0,114.0,227.0,118.0,378.0,57.0,359.0,322.0,474.0,180.0,87.0,52.0,199.0,253.0,164.0,101.0,363.0,211.0,240.0,186.0,134.0,205.0,115.0,26.0,182.0,71.0,419.0,269.0,198.0,72.0,208.0,147.0,140.0,519.0,219.0,178.0,274.0,362.0,202.0,145.0,121.0
Beginner_130_female,130,female,13.0,32.0,36.0,32.0,12.0,19.0,0.0,67.0,59.0,33.0,42.0,80.0,35.0,0.0,11.0,13.0,7.0,7.0,5.0,12.0,16.0,12.0,12.0,7.0,22.0,65.0,20.0,44.0,9.0,97.0,65.0,77.0,27.0,14.0,7.0,41.0,37.0,29.0,12.0,30.0,22.0,35.0,15.0,29.0,57.0,14.0,0.0,46.0,0.0,106.0,62.0,42.0,12.0,33.0,16.0,26.0,82.0,34.0,42.0,63.0,103.0,34.0,17.0,16.0
Beginner_130_male,130,male,6.0,60.0,73.0,62.0,19.0,51.0,0.0,85.0,71.0,55.0,70.0,126.0,75.0,0.0,24.0,16.0,10.0,9.0,5.0,11.0,23.0,19.0,21.0,6.0,33.0,87.0,22.0,73.0,12.0,150.0,54.0,111.0,67.0,29.0,9.0,66.0,59.0,35.0,21.0,40.0,52.0,57.0,33.0,46.0,77.0,26.0,0.0,55.0,1.0,143.0,85.0,67.0,18.0,48.0,36.0,45.0,126.0,77.0,55.0,100.0,146.0,53.0,25.0,21.0
Elite_130_female,130,female,112.0,305.0,200.0,166.0,129.0,175.0,18.0,186.0,191.0,169.0,175.0,319.0,219.0,32.0,93.0,78.0,63.0,58.0,42.0,88.0,87.0,64.0,128.0,59.0,108.0,218.0,113.0,438.0,53.0,334.0,412.0,499.0,179.0,81.0,60.0,175.0,258.0,157.0,102.0,423.0,170.0,226.0,164.0,127.0,185.0,113.0,22.0,166.0,53.0,406.0,251.0,178.0,64.0,203.0,140.0,132.0,599.0,195.0,157.0,279.0,328.0,197.0,140.0,115.0
Elite_130_male,130,male,69.0,404.0,266.0,240.0,213.0,313.0,35.0,257.0,274.0,241.0,232.0,407.0,280.0,49.0,134.0,111.0,96.0,95.0,66.0,119.0,139.0,99.0,164.0,97.0,150.0,286.0,165.0,527.0,78.0,445.0,457.0,646.0,229.0,112.0,74.0,258.0,345.0,225.0,139.0,536.0,285.0,326.0,261.0,172.0,260.0,158.0,38.0,238.0,103.0,539.0,351.0,255.0,97.0,283.0,199.0,181.0,703.0,280.0,233.0,349.0,452.0,270.0,206.0,170.0
Intermediate_130_female,130,female,51.0,133.0,101.0,86.0,55.0,78.0,6.0,119.0,116.0,88.0,97.0,180.0,108.0,10.0,42.0,39.0,28.0,26.0,19.0,41.0,45.0,32.0,54.0,26.0,57.0,130.0,57.0,190.0,27.0,198.0,201.0,242.0,86.0,41.0,27.0,96.0,122.0,80.0,46.0,169.0,79.0,110.0,70.0,70.0,112.0,51.0,7.0,97.0,19.0,232.0,140.0,98.0,33.0,100.0,63.0,69.0,281.0,98.0,91.0,152.0,200.0,99.0,64.0,54.0
Intermediate_130_male,130,male,33.0,193.0,154.0,137.0,90.0,154.0,15.0,160.0,156.0,132.0,139.0,246.0,161.0,20.0,68.0,52.0,42.0,40.0,27.0,51.0,69.0,51.0,75.0,38.0,81.0,172.0,77.0,248.0,38.0,278.0,207.0,323.0,136.0,64.0,34.0,146.0,172.0,110.0,67.0,218.0,146.0,164.0,121.0,99.0,155.0,78.0,15.0,130.0,42.0,309.0,195.0,146.0,50.0,141.0,101.0,102.0,356.0,163.0,129.0,206.0,278.0,141.0,93.0,78.0
Novice_130_female,130,female,29.0,72.0,63.0,55.0,29.0,43.0,0.0,90.0,84.0,57.0,66.0,124.0,66.0,1.0,24.0,24.0,16.0,15.0,11.0,24.0,28.0,21.0,29.0,15.0,37.0,94.0,36.0,103.0,17.0,142.0,122.0,146.0,51.0,25.0,15.0,65.0,72.0,51.0,26.0,83.0,46.0,67.0,37.0,47.0,82.0,29.0,0.0,69.0,7.0,161.0,96.0,67.0,21.0,61.0,35.0,45.0,165.0,61.0,64.0,101.0,146.0,61.0,36.0,32.0
Novice_130_male,130,male,17.0,115.0,109.0,95.0,47.0,95.0,7.0,119.0,109.0,89.0,101.0,179.0,113.0,9.0,43.0,31.0,23.0,21.0,13.0,27.0,43.0,33.0,43.0,18.0,54.0,125.0,45.0,146.0,23.0,208.0,116.0,201.0,98.0,44.0,19.0,102.0,107.0,67.0,40.0,109.0,92.0,102.0,69.0,70.0,112.0,48.0,6.0,88.0,18.0,217.0,133.0,102.0,32.0,88.0,64.0,70.0,224.0,115.0,87.0,147.0,205.0,91.0,53.0,45.0
Advanced_140_female,140,female,83.0,224.0,156.0,128.0,94.0,127.0,11.0,157.0,156.0,130.0,142.0,257.0,169.0,20.0,69.0,59.0,46.0,42.0,31.0,64.0,67.0,49.0,92.0,43.0,85.0,179.0,85.0,318.0,41.0,274.0,308.0,374.0,138.0,63.0,43.0,138.0,191.0,120.0,75.0,298.0,128.0,171.0,117.0,102.0,153.0,85.0,13.0,134.0,34.0,330.0,199.0,141.0,50.0,152.0,104.0,103.0,449.0,154.0,126.0,222.0,269.0,150.0,104.0,86.0
Advanced_140_male,140,male,49.0,317.0,224.0,200.0,154.0,242.0,24.0,219.0,225.0,195.0,200.0,346.0,236.0,34.0,106.0,84.0,70.0,69.0,47.0,88.0,110.0,79.0,124.0,69.0,120.0,242.0,123.0,404.0,61.0,381.0,350.0,505.0,196.0,93.0,55.0,210.0,266.0,174.0,109.0,389.0,225.0,257.0,200.0,145.0,218.0,122.0,25.0,194.0,69.0,445.0,289.0,211.0,78.0,218.0,161.0,150.0,557.0,233.0,189.0,295.0,387.0,217.0,155.0,129.0
Beginner_140_female,140,female,15.0,36.0,40.0,34.0,14.0,21.0,0.0,70.0,62.0,35.0,47.0,86.0,40.0,0.0,13.0,14.0,8.0,7.0,6.0,12.0,17.0,13.0,13.0,7.0,24.0,68.0,21.0,50.0,10.0,104.0,69.0,82.0,30.0,16.0,7.0,43.0,39.0,31.0,14.0,34.0,25.0,38.0,17.0,32.0,61.0,16.0,0.0,49.0,0.0,115.0,65.0,45.0,13.0,35.0,19.0,29.0,91.0,39.0,45.0,68.0,108.0,37.0,19.0,18.0
Beginner_140_male,140,male,6.0,71.0,83.0,70.0,22.0,58.0,0.0,93.0,79.0,62.0,80.0,140.0,85.0,0.0,28.0,18.0,11.0,10.0,6.0,13.0,27.0,22.0,24.0,8.0,37.0,96.0,25.0,85.0,14.0,165.0,66.0,126.0,77.0,33.0,10.0,72.0,65.0,40.0,25.0,49.0,59.0,66.0,40.0,53.0,85.0,29.0,0.0,62.0,2.0,159.0,96.0,74.0,21.0,54.0,43.0,51.0,145.0,86.0,61.0,113.0,162.0,61.0,29.0,25.0
Elite_140_female,140,female,117.0,319.0,209.0,171.0,135.0,180.0,18.0,192.0,196.0,173.0,184.0,331.0,230.0,31.0,97.0,81.0,66.0,60.0,43.0,89.0,90.0,66.0,132.0,61.0,112.0,226.0,115.0,454.0,55.0,346.0,422.0,514.0,189.0,85.0,62.0,180.0,264.0,161.0,105.0,440.0,178.0,234.0,170.0,133.0,191.0,119.0,21.0,170.0,51.0,422.0,258.0,184.0,67.0,208.0,147.0,137.0,623.0,207.0,161.0,290.0,336.0,204.0,146.0,119.0
Elite_140_male,140,male,68.0,433.0,285.0,255.0,223.0,329.0,34.0,272.0,288.0,254.0,250.0,433.0,301.0,48.0,142.0,116.0,100.0,99.0,69.0,126.0,148.0,106.0,174.0,102.0,157.0,303.0,172.0,558.0,83.0,470.0,489.0,682.0,246.0,119.0,77.0,269.0,360.0,237.0,149.0,567.0,301.0,346.0,278.0,184.0,274.0,166.0,37.0,253.0,100.0,568.0,373.0,269.0,104.0,295.0,215.0,194.0,747.0,297.0,245.0,373.0,480.0,287.0,218.0,180.0
Intermediate_140_female,140,female,54.0,142.0,108.0,90.0,59.0,81.0,6.0,123.0,119.0,91.0,104.0,189.0,115.0,10.0,45.0,40.0,30.0,27.0,20.0,42.0,47.0,34.0,58.0,28.0,60.0,136.0,58.0,201.0,28.0,207.0,208.0,252.0,93.0,43.0,28.0,100.0,127.0,83.0,48.0,180.0,84.0,116.0,73.0,74.0,117.0,55.0,6.0,100.0,19.0,245.0,146.0,103.0,35.0,103.0,67.0,73.0,298.0,107.0,94.0,160.0,207.0,103.0,68.0,57.0
Intermediate_140_male,140,male,32.0,214.0,169.0,148.0,96.0,166.0,15.0,171.0,167.0,142.0,153.0,266.0,177.0,20.0,74.0,56.0,44.0,43.0,29.0,55.0,76.0,56.0,82.0,41.0,87.0,185.0,82.0,270.0,41.0,298.0,229.0,348.0,149.0,69.0,36.0,155.0,183.0,118.0,74.0,238.0,157.0,178.0,132.0,108.0,166.0,83.0,15.0,141.0,42.0,332.0,212.0,157.0,55.0,150.0,112.0,111.0,388.0,175.0,138.0,224.0,300.0,153.0,101.0,85.0
Novice_140_female,140,female,31.0,79.0,69.0,58.0,32.0,45.0,0.0,94.0,87.0,59.0,72.0,131.0,72.0,2.0,26.0,25.0,17.0,15.0,12.0,25.0,30.0,22.0,31.0,16.0,40.0,98.0,37.0,111.0,18.0,150.0,127.0,154.0,56.0,27.0,16.0,68.0,76.0,53.0,28.0,91.0,50.0,71.0,39.0,50.0,86.0,32.0,0.0,72.0,7.0,172.0,100.0,70.0,23.0,64.0,39.0,48.0,177.0,68.0,66.0,108.0,152.0,65.0,39.0,34.0
Novice_140_male,140,male,17.0,131.0,121.0,105.0,52.0,104.0,7.0,128.0,118.0,97.0,113.0,197.0,126.0,9.0,47.0,34.0,25.0,23.0,15.0,30.0,48.0,37.0,48.0,21.0,59.0,136.0,48.0,162.0,25.0,225.0,133.0,221.0,109.0,49.0,21.0,109.0,115.0,73.0,46.0,124.0,101.0,114.0,78.0,78.0,121.0,52.0,6.0,97.0,19.0,236.0,147.0,111.0,36.0,95.0,73.0,77.0,249.0,126.0,95.0,162.0,224.0,101.0,59.0,50.0
Advanced_150_female,150,female,86.0,235.0,163.0,132.0,99.0,131.0,11.0,161.0,161.0,133.0,150.0,267.0,177.0,19.0,72.0,61.0,48.0,43.0,32.0,65.0,69.0,51.0,96.0,45.0,88.0,185.0,87.0,331.0,43.0,284.0,316.0,386.0,145.0,66.0,44.0,141.0,196.0,124.0,77.0,312.0,134.0,177.0,122.0,107.0,158.0,90.0,13.0,138.0,33.0,344.0,205.0,146.0,52.0,156.0,110.0,108.0,468.0,164.0,130.0,231.0,277.0,155.0,108.0,90.0
Advanced_150_male,150,male,48.0,341.0,240.0,213.0,162.0,255.0,24.0,232.0,237.0,206.0,216.0,368.0,254.0,33.0,112.0,89.0,73.0,73.0,49.0,93.0,117.0,85.0,132.0,74.0,127.0,257.0,129.0,430.0,65.0,402.0,376.0,535.0,210.0,99.0,58.0,219.0,278.0,183.0,117.0,413.0,238.0,274.0,214.0,155.0,230.0,128.0,25.0,207.0,68.0,470.0,308.0,223.0,84.0,228.0,174.0,161.0,594.0,248.0,199.0,316.0,411.0,231.0,165.0,137.0
Beginner_150_female,150,female,16.0,40.0,43.0,36.0,16.0,23.0,0.0,73.0,64.0,37.0,51.0,92.0,44.0,0.0,14.0,14.0,9.0,8.0,6.0,13.0,19.0,14.0,15.0,8.0,26.0,72.0,22.0,55.0,11.0,110.0,72.0,88.0,34.0,17.0,8.0,45.0,42.0,33.0,15.0,39.0,28.0,41.0,18.0,35.0,64.0,18.0,0.0,51.0,0.0,123.0,68.0,48.0,15.0,37.0,21.0,31.0,100.0,44.0,47.0,73.0,113.0,39.0,21.0,20.0
Beginner_150_male,150,male,6.0,83.0,93.0,78.0,25.0,64.0,0.0,101.0,86.0,68.0,90.0,154.0,96.0,0.0,31.0,20.0,12.0,11.0,7.0,15.0,31.0,25.0,27.0,9.0,40.0,106.0,27.0,97.0,16.0,179.0,78.0,141.0,86.0,37.0,12.0,78.0,72.0,45.0,29.0,58.0,66.0,74.0,46.0,59.0,92.0,32.0,0.0,69.0,3.0,174.0,107.0,82.0,24.0,59.0,50.0,57.0,165.0,95.0,67.0,125.0,178.0,69.0,33.0,28.0
Elite_150_female,150,female,121.0,332.0,218.0,175.0,141.0,185.0,17.0,197.0,201.0,177.0,193.0,343.0,240.0,30.0,101.0,83.0,68.0,61.0,44.0,91.0,93.0,68.0,137.0,63.0,116.0,232.0,117.0,470.0,57.0,357.0,432.0,527.0,198.0,88.0,63.0,184.0,270.0,166.0,108.0,456.0,185.0,241.0,175.0,139.0,197.0,125.0,21.0,175.0,49.0,438.0,265.0,190.0,70.0,212.0,153.0,142.0,645.0,219.0,166.0,301.0,345.0,210.0,151.0,124.0
Elite_150_male,150,male,66.0,462.0,302.0,271.0,232.0,344.0,33.0,285.0,302.0,266.0,268.0,457.0,321.0,47.0,149.0,122.0,104.0,104.0,72.0,132.0,157.0,112.0,183.0,108.0,165.0,320.0,178.0,588.0,88.0,494.0,521.0,716.0,262.0,126.0,81.0,280.0,374.0,248.0,159.0,596.0,317.0,365.0,294.0,196.0,288.0,173.0,36.0,267.0,97.0,597.0,395.0,283.0,110.0,307.0,230.0,205.0,790.0,313.0,256.0,396.0,507.0,304.0,229.0,189.0
Intermediate_150_female,150,female,56.0,151.0,114.0,93.0,63.0,84.0,6.0,128.0,123.0,94.0,111.0,197.0,122.0,10.0,48.0,41.0,31.0,28.0,21.0,43.0,49.0,36.0,60.0,29.0,63.0,141.0,60.0,212.0,30.0,216.0,214.0,262.0,99.0,46.0,29.0,103.0,131.0,86.0,50.0,190.0,89.0,121.0,76.0,78.0,122.0,59.0,6.0,104.0,18.0,257.0,151.0,107.0,37.0,106.0,72.0,77.0,313.0,115.0,97.0,168.0,213.0,107.0,71.0,61.0
Intermediate_150_male,150,male,31.0,234.0,182.0,160.0,102.0,177.0,15.0,182.0,178.0,151.0,167.0,286.0,192.0,20.0,79.0,60.0,47.0,46.0,31.0,59.0,82.0,61.0,88.0,45.0,92.0,198.0,86.0,290.0,45.0,316.0,250.0,373.0,162.0,75.0,39.0,164.0,193.0,126.0,81.0,257.0,168.0,192.0,143.0,118.0,176.0,89.0,14.0,152.0,41.0,354.0,228.0,167.0,60.0,159.0,123.0,120.0,419.0,188.0,146.0,242.0,321.0,166.0,109.0,91.0
Novice_150_female,150,female,33.0,86.0,74.0,61.0,35.0,48.0,0.0,98.0,91.0,62.0,77.0,138.0,77.0,2.0,28.0,26.0,18.0,16.0,12.0,25.0,32.0,23.0,33.0,17.0,42.0,103.0,38.0,119.0,19.0,157.0,132.0,161.0,61.0,29.0,16.0,70.0,79.0,56.0,29.0,98.0,53.0,75.0,42.0,54.0,90.0,35.0,0.0,75.0,7.0,182.0,104.0,74.0,24.0,66.0,42.0,51.0,189.0,75.0,69.0,115.0,158.0,68.0,42.0,37.0
Novice_150_male,150,male,17.0,147.0,133.0,115.0,56.0,112.0,7.0,138.0,127.0,104.0,125.0,213.0,139.0,9.0,52.0,37.0,27.0,26.0,16.0,33.0,53.0,41.0,53.0,23.0,63.0,147.0,52.0,178.0,28.0,241.0,150.0,241.0,120.0,54.0,23.0,116.0,124.0,79.0,51.0,137.0,110.0,125.0,87.0,85.0,130.0,56.0,6.0,105.0,19.0,254.0,160.0,120.0,40.0,101.0,82.0,85.0,274.0,136.0,102.0,177.0,243.0,111.0,64.0,54.0
Advanced_160_female,160,female,90.0,245.0,170.0,136.0,104.0,134.0,10.0,166.0,165.0,136.0,158.0,276.0,185.0,19.0,75.0,62.0,50.0,44.0,32.0,67.0,72.0,53.0,99.0,47.0,92.0,191.0,88.0,344.0,44.0,293.0,324.0,397.0,152.0,69.0,45.0,145.0,201.0,127.0,79.0,324.0,139.0,183.0,126.0,112.0,163.0,94.0,12.0,141.0,32.0,357.0,210.0,151.0,55.0,160.0,115.0,112.0,487.0,174.0,133.0,240.0,284.0,160.0,113.0,94.0
Advanced_160_male,160,male,138.0,365.0,255.0,226.0,169.0,268.0,23.0,243.0,249.0,216.0,231.0,389.0,271.0,33.0,118.0,93.0,76.0,76.0,52.0,98.0,124.0,91.0,140.0,78.0,133.0,271.0,134.0,454.0,69.0,423.0,402.0,563.0,225.0,106.0,61.0,229.0,290.0,193.0,125.0,436.0,251.0,290.0,227.0,165.0,241.0,135.0,24.0,219.0,67.0,494.0,326.0,234.0,89.0,238.0,187.0,170.0,630.0,262.0,208.0,336.0,434.0,245.0,174.0,144.0
Beginner_160_female,160,female,18.0,45.0,47.0,38.0,18.0,24.0,0.0,76.0,67.0,39.0,56.0,97.0,48.0,0.0,16.0,15.0,9.0,8.0,7.0,13.0,20.0,15.0,16.0,9.0,28.0,76.0,23.0,60.0,12.0,116.0,76.0,93.0,37.0,19.0,8.0,47.0,44.0,35.0,16.0,43.0,30.0,44.0,20.0,38.0,68.0,20.0,0.0,53.0,0.0,131.0,71.0,51.0,16.0,39.0,23.0,33.0,109.0,50.0,49.0,78.0,118.0,42.0,23.0,21.0
Beginner_160_male,160,male,37.0,95.0,102.0,86.0,28.0,71.0,0.0,109.0,93.0,74.0,100.0,168.0,107.0,1.0,34.0,22.0,14.0,13.0,8.0,17.0,35.0,28.0,31.0,11.0,44.0,115.0,30.0,109.0,18.0,192.0,90.0,156.0,95.0,41.0,13.0,84.0,78.0,50.0,33.0,67.0,73.0,82.0,52.0,66.0,100.0,35.0,0.0,76.0,4.0,189.0,118.0,89.0,27.0,64.0,57.0,63.0,184.0,103.0,72.0,138.0,193.0,77.0,37.0,32.0
Elite_160_female,160,female,125.0,344.0,227.0,180.0,147.0,189.0,16.0,202.0,206.0,181.0,202.0,353.0,249.0,29.0,104.0,85.0,70.0,62.0,45.0,93.0,95.0,71.0,141.0,65.0,120.0,239.0,119.0,485.0,59.0,368.0,440.0,541.0,206.0,91.0,64.0,188.0,276.0,170.0,110.0,471.0,192.0,248.0,180.0,144.0,203.0,130.0,20.0,179.0,47.0,454.0,271.0,195.0,72.0,216.0,160.0,147.0,667.0,230.0,169.0,311.0,353.0,215.0,156.0,128.0
Elite_160_male,160,male,184.0,489.0,319.0,285.0,240.0,358.0,32.0,298.0,315.0,278.0,285.0,481.0,340.0,46.0,156.0,127.0,108.0,108.0,75.0,138.0,165.0,118.0,192.0,113.0,171.0,335.0,184.0,617.0,92.0,516.0,551.0,749.0,278.0,133.0,84.0,291.0,388.0,259.0,168.0,624.0,331.0,384.0,310.0,207.0,300.0,180.0,34.0,281.0,95.0,624.0,415.0,296.0,117.0,318.0,245.0,216.0,831.0,328.0,267.0,418.0,532.0,320.0,240.0,198.0
Intermediate_160_female,160,female,59.0,159.0,120.0,96.0,67.0,87.0,6.0,132.0,127.0,97.0,117.0,205.0,129.0,10.0,50.0,43.0,33.0,29.0,22.0,44.0,51.0,38.0,63.0,31.0,66.0,146.0,61.0,222.0,31.0,224.0,221.0,271.0,105.0,48.0,29.0,106.0,135.0,89.0,52.0,200.0,94.0,126.0,80.0,83.0,126.0,63.0,6.0,107.0,18.0,268.0,155.0,111.0,39.0,109.0,76.0,80.0,329.0,123.0,100.0,175.0,219.0,111.0,75.0,64.0
Intermediate_160_male,160,male,97.0,254.0,196.0,171.0,108.0,187.0,14.0,192.0,188.0,160.0,180.0,304.0,207.0,20.0,84.0,64.0,50.0,49.0,32.0,63.0,88.0,65.0,94.0,48.0,97.0,210.0,90.0,311.0,48.0,335.0,271.0,397.0,175.0,80.0,41.0,172.0,203.0,134.0,87.0,275.0,179.0,205.0,154.0,126.0,187.0,94.0,14.0,162.0,41.0,375.0,244.0,177.0,64.0,167.0,134.0,128.0,449.0,200.0,154.0,259.0,342.0,177.0,116.0,97.0
Novice_160_female,160,female,35.0,92.0,79.0,63.0,38.0,50.0,0.0,101.0,94.0,64.0,83.0,145.0,83.0,2.0,30.0,27.0,19.0,17.0,13.0,26.0,33.0,25.0,35.0,18.0,45.0,107.0,39.0,127.0,20.0,164.0,137.0,169.0,66.0,31.0,17.0,73.0,82.0,58.0,31.0,105.0,57.0,79.0,44.0,57.0,94.0,38.0,0.0,77.0,7.0,192.0,108.0,77.0,26.0,69.0,46.0,54.0,201.0,81.0,72.0,121.0,163.0,71.0,45.0,39.0
Novice_160_male,160,male,63.0,163.0,144.0,124.0,60.0,121.0,7.0,147.0,135.0,112.0,136.0,229.0,152.0,9.0,56.0,40.0,29.0,28.0,17.0,36.0,58.0,44.0,58.0,26.0,67.0,158.0,55.0,194.0,31.0,257.0,166.0,260.0,131.0,58.0,25.0,123.0,132.0,86.0,56.0,151.0,119.0,136.0,95.0,93.0,139.0,61.0,6.0,114.0,19.0,272.0,173.0,128.0,43.0,108.0,90.0,92.0,299.0,147.0,108.0,192.0,260.0,121.0,70.0,59.0
Advanced_170_female,170,female,93.0,255.0,177.0,139.0,108.0,138.0,10.0,170.0,169.0,140.0,165.0,285.0,193.0,18.0,78.0,64.0,51.0,45.0,33.0,68.0,74.0,55.0,103.0,48.0,95.0,196.0,90.0,356.0,46.0,302.0,331.0,408.0,159.0,71.0,46.0,148.0,205.0,131.0,81.0,336.0,145.0,189.0,130.0,117.0,168.0,98.0,12.0,145.0,31.0,370.0,216.0,156.0,57.0,163.0,120.0,116.0,504.0,183.0,137.0,248.0,290.0,165.0,117.0,98.0
Advanced_170_male,170,male,145.0,388.0,270.0,238.0,176.0,280.0,22.0,254.0,260.0,226.0,246.0,410.0,287.0,32.0,124.0,97.0,80.0,80.0,54.0,102.0,131.0,96.0,147.0,83.0,138.0,284.0,139.0,478.0,73.0,442.0,427.0,591.0,239.0,111.0,64.0,238.0,302.0,202.0,133.0,459.0,263.0,305.0,240.0,175.0,253.0,141.0,23.0,230.0,65.0,518.0,343.0,245.0,94.0,248.0,199.0,180.0,664.0,275.0,217.0,355.0,456.0,259.0,183.0,151.0
Beginner_170_female,170,female,19.0,49.0,51.0,40.0,20.0,26.0,0.0,79.0,69.0,40.0,60.0,103.0,52.0,0.0,17.0,16.0,10.0,9.0,7.0,14.0,21.0,16.0,18.0,10.0,30.0,79.0,23.0,66.0,13.0,121.0,80.0,99.0,41.0,20.0,9.0,49.0,46.0,36.0,17.0,48.0,33.0,47.0,21.0,40.0,71.0,22.0,0.0,56.0,0.0,139.0,74.0,53.0,17.0,40.0,26.0,36.0,117.0,55.0,51.0,83.0,122.0,44.0,25.0,23.0
Beginner_170_male,170,male,41.0,107.0,112.0,94.0,31.0,77.0,0.0,117.0,100.0,80.0,110.0,181.0,117.0,1.0,37.0,24.0,15.0,14.0,8.0,19.0,38.0,31.0,34.0,12.0,47.0,123.0,32.0,120.0,20.0,206.0,102.0,171.0,104.0,44.0,14.0,89.0,84.0,54.0,37.0,76.0,80.0,91.0,58.0,72.0,107.0,39.0,0.0,83.0,4.0,204.0,128.0,96.0,30.0,69.0,63.0,69.0,202.0,112.0,78.0,150.0,208.0,84.0,41.0,35.0
Elite_170_female,170,female,128.0,356.0,235.0,184.0,152.0,193.0,15.0,207.0,210.0,184.0,210.0,363.0,258.0,28.0,108.0,86.0,72.0,64.0,46.0,94.0,98.0,73.0,145.0,67.0,124.0,245.0,120.0,500.0,61.0,378.0,449.0,553.0,214.0,95.0,65.0,191.0,281.0,174.0,113.0,485.0,198.0,255.0,184.0,150.0,208.0,135.0,19.0,183.0,46.0,468.0,277.0,200.0,75.0,220.0,166.0,151.0,687.0,241.0,173.0,320.0,360.0,220.0,161.0,132.0
Elite_170_male,170,male,192.0,516.0,336.0,299.0,248.0,372.0,31.0,310.0,328.0,289.0,301.0,503.0,358.0,45.0,163.0,132.0,111.0,112.0,77.0,143.0,173.0,124.0,200.0,118.0,178.0,350.0,190.0,644.0,97.0,538.0,580.0,781.0,294.0,140.0,88.0,301.0,401.0,269.0,177.0,651.0,345.0,401.0,325.0,218.0,313.0,187.0,33.0,293.0,92.0,650.0,435.0,309.0,123.0,329.0,259.0,227.0,870.0,343.0,277.0,439.0,557.0,335.0,250.0,206.0
Intermediate_170_female,170,female,62.0,167.0,126.0,99.0,70.0,90.0,6.0,135.0,130.0,99.0,124.0,213.0,135.0,9.0,52.0,44.0,34.0,30.0,22.0,45.0,52.0,39.0,66.0,32.0,69.0,151.0,62.0,232.0,32.0,232.0,227.0,280.0,110.0,50.0,30.0,108.0,139.0,92.0,54.0,209.0,98.0,130.0,83.0,86.0,130.0,66.0,6.0,110.0,17.0,280.0,160.0,115.0,41.0,112.0,81.0,83.0,343.0,131.0,103.0,183.0,225.0,115.0,79.0,67.0
Intermediate_170_male,170,male,102.0,273.0,209.0,182.0,113.0,197.0,14.0,202.0,198.0,168.0,194.0,322.0,222.0,20.0,89.0,67.0,52.0,52.0,34.0,67.0,93.0,70.0,100.0,52.0,102.0,222.0,94.0,330.0,51.0,352.0,292.0,420.0,187.0,85.0,43.0,180.0,213.0,141.0,94.0,293.0,189.0,218.0,165.0,135.0,196.0,99.0,14.0,172.0,40.0,395.0,259.0,187.0,69.0,175.0,145.0,136.0,478.0,212.0,162.0,276.0,361.0,189.0,123.0,103.0
Novice_170_female,170,female,37.0,98.0,83.0,66.0,40.0,52.0,0.0,105.0,97.0,66.0,88.0,152.0,88.0,2.0,32.0,28.0,20.0,17.0,13.0,27.0,35.0,26.0,37.0,19.0,47.0,111.0,40.0,134.0,21.0,171.0,142.0,175.0,71.0,33.0,17.0,75.0,85.0,61.0,32.0,112.0,61.0,82.0,46.0,61.0,97.0,41.0,0.0,80.0,7.0,202.0,112.0,81.0,27.0,71.0,49.0,56.0,213.0,88.0,74.0,127.0,168.0,74.0,48.0,42.0
Novice_170_male,170,male,67.0,179.0,155.0,134.0,65.0,129.0,7.0,155.0,144.0,119.0,148.0,245.0,164.0,10.0,60.0,42.0,30.0,30.0,19.0,39.0,62.0,48.0,62.0,28.0,72.0,168.0,58.0,210.0,33.0,272.0,182.0,279.0,142.0,63.0,27.0,130.0,139.0,92.0,61.0,164.0,127.0,146.0,104.0,100.0,147.0,65.0,6.0,122.0,19.0,289.0,186.0,136.0,47.0,114.0,99.0,99.0,322.0,157.0,115.0,207.0,278.0,130.0,76.0,64.0
Advanced_180_female,180,female,96.0,265.0,184.0,143.0,113.0,141.0,10.0,174.0,172.0,143.0,172.0,294.0,201.0,17.0,81.0,65.0,53.0,46.0,34.0,69.0,76.0,57.0,106.0,50.0,99.0,202.0,91.0,368.0,47.0,311.0,338.0,418.0,166.0,74.0,47.0,151.0,210.0,134.0,84.0,348.0,150.0,194.0,133.0,121.0,172.0,103.0,11.0,148.0,30.0,382.0,221.0,160.0,59.0,166.0,125.0,119.0,521.0,192.0,140.0,256.0,297.0,169.0,121.0,101.0
Advanced_180_male,180,male,151.0,410.0,284.0,251.0,183.0,292.0,22.0,265.0,271.0,236.0,260.0,430.0,304.0,31.0,130.0,102.0,83.0,83.0,56.0,107.0,138.0,101.0,154.0,87.0,144.0,297.0,144.0,501.0,76.0,461.0,451.0,617.0,252.0,117.0,67.0,246.0,313.0,210.0,141.0,480.0,275.0,320.0,252.0,184.0,263.0,146.0,23.0,241.0,64.0,540.0,360.0,256.0,100.0,257.0,211.0,189.0,697.0,288.0,226.0,373.0,478.0,272.0,191.0,158.0
Beginner_180_female,180,female,21.0,53.0,55.0,42.0,22.0,27.0,0.0,82.0,72.0,42.0,64.0,108.0,56.0,0.0,18.0,17.0,11.0,9.0,7.0,15.0,22.0,17.0,19.0,10.0,32.0,83.0,24.0,71.0,13.0,127.0,83.0,104.0,44.0,21.0,9.0,51.0,48.0,38.0,18.0,52.0,36.0,50.0,23.0,43.0,74.0,24.0,0.0,58.0,0.0,147.0,77.0,56.0,18.0,42.0,28.0,38.0,125.0,60.0,53.0,88.0,126.0,46.0,27.0,25.0
Beginner_180_male,180,male,44.0,119.0,121.0,102.0,33.0,83.0,0.0,124.0,107.0,85.0,119.0,195.0,128.0,1.0,40.0,26.0,16.0,16.0,9.0,21.0,42.0,34.0,38.0,14.0,51.0,132.0,34.0,132.0,22.0,219.0,114.0,185.0,113.0,48.0,16.0,95.0,89.0,59.0,41.0,85.0,86.0,99.0,65.0,78.0,114.0,42.0,0.0,89.0,5.0,218.0,139.0,102.0,33.0,73.0,70.0,75.0,221.0,120.0,83.0,162.0,223.0,92.0,45.0,39.0
Elite_180_female,180,female,132.0,367.0,242.0,188.0,158.0,197.0,15.0,211.0,214.0,188.0,218.0,373.0,267.0,27.0,111.0,88.0,73.0,65.0,47.0,95.0,100.0,75.0,149.0,69.0,128.0,251.0,122.0,514.0,62.0,388.0,457.0,565.0,222.0,98.0,66.0,195.0,286.0,177.0,115.0,499.0,204.0,261.0,189.0,155.0,213.0,140.0,18.0,186.0,44.0,482.0,283.0,205.0,77.0,224.0,171.0,156.0,707.0,251.0,177.0,329.0,367.0,225.0,166.0,136.0
Elite_180_male,180,male,199.0,542.0,352.0,313.0,256.0,386.0,30.0,322.0,340.0,300.0,317.0,525.0,376.0,44.0,170.0,136.0,115.0,116.0,80.0,149.0,180.0,130.0,208.0,123.0,184.0,365.0,195.0,670.0,101.0,559.0,608.0,811.0,309.0,146.0,91.0,311.0,414.0,279.0,186.0,677.0,359.0,418.0,339.0,228.0,325.0,194.0,32.0,306.0,90.0,675.0,454.0,321.0,129.0,340.0,272.0,238.0,908.0,357.0,287.0,460.0,580.0,350.0,260.0,214.0
Intermediate_180_female,180,female,64.0,175.0,132.0,102.0,74.0,93.0,5.0,139.0,133.0,102.0,130.0,221.0,142.0,9.0,55.0,45.0,35.0,31.0,23.0,46.0,54.0,41.0,69.0,33.0,72.0,155.0,64.0,241.0,33.0,240.0,232.0,288.0,116.0,53.0,31.0,111.0,142.0,95.0,56.0,218.0,103.0,135.0,86.0,90.0,134.0,70.0,6.0,113.0,17.0,290.0,164.0,119.0,42.0,115.0,85.0,87.0,357.0,139.0,106.0,190.0,231.0,119.0,82.0,69.0
Intermediate_180_male,180,male,108.0,292.0,221.0,193.0,119.0,207.0,13.0,211.0,207.0,176.0,206.0,340.0,236.0,20.0,94.0,70.0,54.0,55.0,36.0,70.0,99.0,74.0,106.0,55.0,107.0,234.0,98.0,349.0,54.0,369.0,312.0,443.0,199.0,90.0,46.0,187.0,222.0,149.0,100.0,310.0,199.0,231.0,175.0,143.0,206.0,104.0,13.0,182.0,40.0,415.0,274.0,196.0,73.0,182.0,155.0,145.0,506.0,223.0,169.0,292.0,381.0,200.0,130.0,109.0
Novice_180_female,180,female,39.0,104.0,88.0,68.0,43.0,54.0,0.0,108.0,99.0,68.0,94.0,158.0,93.0,2.0,34.0,29.0,21.0,18.0,14.0,28.0,36.0,27.0,39.0,20.0,49.0,115.0,41.0,141.0,22.0,178.0,147.0,182.0,75.0,35.0,18.0,77.0,88.0,63.0,34.0,119.0,64.0,86.0,48.0,64.0,101.0,43.0,0.0,82.0,6.0,211.0,116.0,84.0,29.0,73.0,52.0,59.0,224.0,94.0,76.0,133.0,173.0,77.0,50.0,44.0
Novice_180_male,180,male,72.0,194.0,166.0,143.0,69.0,137.0,7.0,164.0,152.0,126.0,159.0,261.0,176.0,10.0,64.0,45.0,32.0,32.0,20.0,42.0,67.0,52.0,67.0,31.0,76.0,178.0,61.0,225.0,36.0,287.0,198.0,297.0,152.0,67.0,28.0,136.0,147.0,97.0,67.0,177.0,135.0,157.0,112.0,107.0,155.0,69.0,6.0,130.0,20.0,306.0,199.0,144.0,51.0,120.0,107.0,106.0,346.0,166.0,121.0,221.0,295.0,139.0,81.0,68.0
Advanced_190_female,190,female,99.0,274.0,191.0,146.0,117.0,145.0,9.0,178.0,176.0,145.0,179.0,302.0,208.0,17.0,84.0,67.0,54.0,47.0,35.0,70.0,78.0,58.0,109.0,51.0,102.0,207.0,93.0,379.0,49.0,319.0,344.0,428.0,172.0,77.0,48.0,154.0,214.0,137.0,86.0,359.0,155.0,199.0,137.0,125.0,177.0,107.0,11.0,151.0,29.0,394.0,225.0,164.0,61.0,169.0,130.0,123.0,538.0,201.0,143.0,264.0,303.0,173.0,125.0,104.0
Advanced_190_male,190,male,157.0,432.0,298.0,262.0,189.0,303.0,21.0,276.0,282.0,245.0,274.0,449.0,319.0,31.0,135.0,105.0,85.0,87.0,58.0,111.0,144.0,106.0,161.0,91.0,150.0,310.0,149.0,523.0,80.0,479.0,475.0,643.0,265.0,123.0,70.0,255.0,323.0,219.0,148.0,501.0,286.0,334.0,264.0,194.0,274.0,152.0,22.0,252.0,62.0,562.0,377.0,267.0,105.0,265.0,222.0,198.0,729.0,300.0,234.0,391.0,498.0,284.0,199.0,165.0
Beginner_190_female,190,female,22.0,58.0,58.0,44.0,23.0,29.0,0.0,84.0,74.0,44.0,69.0,113.0,60.0,0.0,20.0,17.0,12.0,9.0,8.0,15.0,23.0,18.0,20.0,11.0,33.0,86.0,25.0,76.0,14.0,132.0,86.0,109.0,48.0,23.0,9.0,52.0,50.0,40.0,19.0,56.0,38.0,52.0,24.0,46.0,76.0,26.0,0.0,60.0,0.0,154.0,80.0,58.0,19.0,43.0,30.0,40.0,133.0,64.0,55.0,93.0,130.0,48.0,29.0,27.0
Beginner_190_male,190,male,47.0,131.0,130.0,109.0,36.0,89.0,0.0,131.0,113.0,91.0,129.0,208.0,138.0,2.0,44.0,28.0,18.0,17.0,10.0,23.0,46.0,37.0,41.0,16.0,54.0,141.0,37.0,143.0,24.0,231.0,126.0,199.0,122.0,51.0,17.0,100.0,95.0,63.0,45.0,94.0,92.0,107.0,71.0,84.0,121.0,45.0,0.0,96.0,5.0,231.0,149.0,109.0,36.0,78.0,77.0,80.0,239.0,128.0,88.0,174.0,237.0,99.0,49.0,42.0
Elite_190_female,190,female,135.0,378.0,250.0,192.0,163.0,201.0,14.0,216.0,218.0,191.0,226.0,382.0,275.0,26.0,114.0,90.0,75.0,66.0,48.0,97.0,102.0,77.0,153.0,71.0,132.0,257.0,124.0,527.0,64.0,397.0,465.0,576.0,229.0,101.0,67.0,198.0,291.0,181.0,118.0,512.0,210.0,267.0,193.0,160.0,218.0,145.0,17.0,190.0,43.0,495.0,288.0,210.0,79.0,228.0,177.0,160.0,726.0,261.0,180.0,338.0,374.0,230.0,171.0,140.0
Elite_190_male,190,male,206.0,566.0,367.0,326.0,264.0,399.0,29.0,334.0,352.0,311.0,332.0,546.0,394.0,43.0,176.0,141.0,118.0,120.0,82.0,154.0,188.0,136.0,216.0,128.0,191.0,379.0,201.0,696.0,105.0,579.0,635.0,840.0,323.0,152.0,94.0,320.0,426.0,289.0,194.0,702.0,372.0,435.0,353.0,239.0,336.0,200.0,31.0,318.0,87.0,699.0,472.0,332.0,134.0,350.0,286.0,248.0,945.0,371.0,296.0,479.0,603.0,365.0,269.0,222.0
Intermediate_190_female,190,female,67.0,183.0,137.0,105.0,77.0,95.0,5.0,143.0,136.0,104.0,136.0,228.0,148.0,9.0,57.0,47.0,36.0,31.0,23.0,47.0,56.0,42.0,71.0,34.0,74.0,160.0,65.0,250.0,35.0,247.0,238.0,296.0,121.0,55.0,32.0,114.0,146.0,98.0,57.0,227.0,107.0,139.0,88.0,94.0,138.0,73.0,5.0,116.0,16.0,301.0,168.0,122.0,44.0,117.0,89.0,90.0,370.0,146.0,108.0,196.0,236.0,122.0,85.0,72.0
Intermediate_190_male,190,male,113.0,310.0,234.0,203.0,124.0,216.0,13.0,221.0,216.0,184.0,219.0,357.0,249.0,19.0,99.0,74.0,57.0,57.0,37.0,74.0,105.0,79.0,112.0,58.0,112.0,245.0,102.0,368.0,57.0,385.0,331.0,464.0,211.0,95.0,48.0,194.0,231.0,156.0,106.0,327.0,209.0,243.0,185.0,152.0,215.0,108.0,13.0,191.0,39.0,434.0,288.0,205.0,77.0,189.0,165.0,152.0,534.0,234.0,177.0,308.0,399.0,211.0,137.0,114.0
Novice_190_female,190,female,41.0,110.0,93.0,70.0,46.0,56.0,0.0,111.0,102.0,70.0,99.0,164.0,98.0,1.0,35.0,30.0,22.0,19.0,14.0,28.0,37.0,28.0,41.0,21.0,51.0,119.0,42.0,148.0,23.0,184.0,151.0,189.0,79.0,37.0,19.0,79.0,91.0,65.0,35.0,125.0,67.0,89.0,51.0,67.0,104.0,46.0,0.0,85.0,6.0,220.0,119.0,87.0,30.0,75.0,55.0,62.0,234.0,100.0,78.0,138.0,178.0,80.0,53.0,46.0
Novice_190_male,190,male,76.0,209.0,177.0,152.0,73.0,145.0,7.0,172.0,160.0,132.0,170.0,275.0,188.0,10.0,68.0,48.0,34.0,34.0,21.0,44.0,71.0,55.0,71.0,33.0,80.0,188.0,64.0,240.0,38.0,302.0,214.0,315.0,162.0,71.0,30.0,142.0,154.0,103.0,72.0,190.0,143.0,167.0,120.0,115.0,163.0,72.0,6.0,138.0,20.0,322.0,211.0,152.0,54.0,126.0,116.0,113.0,368.0,176.0,127.0,235.0,311.0,148.0,87.0,73.0
Advanced_200_female,200,female,102.0,283.0,197.0,149.0,121.0,148.0,9.0,182.0,179.0,148.0,186.0,310.0,215.0,16.0,86.0,68.0,56.0,48.0,35.0,71.0,80.0,60.0,112.0,53.0,105.0,211.0,94.0,390.0,50.0,327.0,351.0,437.0,179.0,79.0,49.0,157.0,218.0,140.0,88.0,369.0,160.0,204.0,140.0,129.0,181.0,111.0,10.0,154.0,28.0,406.0,230.0,168.0,63.0,172.0,135.0,127.0,553.0,209.0,146.0,272.0,309.0,177.0,129.0,107.0
Advanced_200_male,200,male,163.0,453.0,312.0,274.0,195.0,314.0,20.0,286.0,292.0,254.0,288.0,467.0,334.0,30.0,141.0,109.0,88.0,90.0,60.0,116.0,150.0,111.0,167.0,95.0,155.0,322.0,153.0,544.0,83.0,497.0,497.0,668.0,278.0,128.0,72.0,263.0,333.0,227.0,155.0,522.0,297.0,348.0,276.0,203.0,283.0,157.0,21.0,262.0,61.0,583.0,393.0,277.0,109.0,274.0,234.0,207.0,761.0,312.0,242.0,408.0,519.0,297.0,207.0,172.0
Beginner_200_female,200,female,23.0,62.0,62.0,46.0,25.0,30.0,0.0,87.0,76.0,45.0,73.0,118.0,64.0,0.0,21.0,18.0,12.0,10.0,8.0,16.0,24.0,19.0,22.0,12.0,35.0,89.0,25.0,80.0,15.0,137.0,89.0,113.0,51.0,24.0,10.0,54.0,52.0,41.0,19.0,61.0,41.0,55.0,26.0,48.0,79.0,28.0,0.0,62.0,0.0,162.0,83.0,61.0,20.0,45.0,33.0,42.0,141.0,69.0,56.0,97.0,134.0,50.0,31.0,28.0
Beginner_200_male,200,male,50.0,142.0,139.0,117.0,39.0,95.0,0.0,138.0,120.0,96.0,138.0,220.0,148.0,2.0,47.0,30.0,19.0,19.0,11.0,25.0,49.0,40.0,45.0,17.0,57.0,149.0,39.0,154.0,25.0,244.0,137.0,213.0,131.0,55.0,18.0,105.0,101.0,68.0,49.0,103.0,99.0,115.0,77.0,90.0,127.0,48.0,0.0,102.0,5.0,245.0,159.0,115.0,39.0,83.0,84.0,86.0,257.0,136.0,93.0,186.0,251.0,106.0,53.0,45.0
Elite_200_female,200,female,139.0,388.0,257.0,195.0,168.0,205.0,14.0,220.0,222.0,194.0,233.0,391.0,283.0,25.0,117.0,91.0,77.0,67.0,49.0,98.0,105.0,79.0,156.0,72.0,135.0,262.0,125.0,539.0,66.0,406.0,472.0,587.0,236.0,103.0,68.0,201.0,296.0,184.0,120.0,525.0,216.0,273.0,197.0,164.0,223.0,149.0,17.0,193.0,41.0,508.0,293.0,214.0,81.0,231.0,182.0,164.0,744.0,271.0,183.0,347.0,381.0,235.0,175.0,144.0
Elite_200_male,200,male,213.0,591.0,382.0,338.0,271.0,411.0,28.0,345.0,363.0,321.0,347.0,567.0,411.0,42.0,182.0,145.0,121.0,124.0,85.0,159.0,195.0,141.0,224.0,133.0,197.0,392.0,206.0,720.0,109.0,598.0,662.0,869.0,337.0,158.0,97.0,329.0,437.0,298.0,202.0,726.0,384.0,451.0,367.0,249.0,347.0,206.0,30.0,330.0,85.0,723.0,490.0,343.0,140.0,359.0,298.0,257.0,980.0,384.0,305.0,499.0,625.0,378.0,279.0,230.0
Intermediate_200_female,200,female,69.0,190.0,143.0,108.0,81.0,98.0,5.0,146.0,139.0,107.0,142.0,235.0,154.0,9.0,59.0,48.0,38.0,32.0,24.0,48.0,57.0,43.0,74.0,36.0,77.0,164.0,66.0,259.0,36.0,254.0,243.0,304.0,127.0,57.0,32.0,116.0,149.0,100.0,59.0,236.0,111.0,143.0,91.0,98.0,142.0,76.0,5.0,118.0,16.0,311.0,172.0,126.0,46.0,120.0,92.0,93.0,384.0,153.0,111.0,203.0,241.0,126.0,88.0,75.0
Intermediate_200_male,200,male,118.0,328.0,246.0,213.0,129.0,226.0,13.0,230.0,225.0,192.0,231.0,373.0,263.0,19.0,103.0,77.0,59.0,60.0,39.0,78.0,110.0,83.0,117.0,61.0,116.0,256.0,106.0,385.0,60.0,401.0,351.0,486.0,222.0,100.0,50.0,201.0,239.0,162.0,113.0,344.0,218.0,255.0,195.0,159.0,224.0,113.0,13.0,200.0,39.0,452.0,302.0,214.0,82.0,197.0,175.0,160.0,560.0,244.0,184.0,323.0,417.0,221.0,144.0,120.0
Novice_200_female,200,female,43.0,116.0,97.0,73.0,49.0,58.0,0.0,114.0,105.0,72.0,104.0,170.0,103.0,1.0,37.0,31.0,23.0,19.0,15.0,29.0,39.0,29.0,43.0,22.0,54.0,123.0,43.0,155.0,24.0,190.0,155.0,195.0,84.0,38.0,19.0,81.0,93.0,67.0,36.0,132.0,71.0,93.0,53.0,70.0,108.0,49.0,0.0,87.0,6.0,228.0,122.0,90.0,31.0,77.0,58.0,64.0,245.0,106.0,81.0,144.0,183.0,83.0,55.0,48.0
Novice_200_male,200,male,80.0,224.0,187.0,160.0,76.0,152.0,7.0,180.0,167.0,139.0,180.0,290.0,200.0,10.0,71.0,50.0,36.0,36.0,22.0,47.0,76.0,59.0,76.0,35.0,83.0,198.0,67.0,254.0,41.0,316.0,229.0,332.0,172.0,75.0,32.0,148.0,161.0,109.0,77.0,203.0,151.0,177.0,128.0,121.0,171.0,76.0,6.0,146.0,19.0,338.0,223.0,160.0,58.0,132.0,124.0,119.0,391.0,185.0,133.0,248.0,327.0,157.0,92.0,77.0
Advanced_210_female,210,female,104.0,291.0,203.0,152.0,125.0,151.0,9.0,185.0,182.0,151.0,192.0,317.0,222.0,16.0,89.0,70.0,57.0,49.0,36.0,72.0,82.0,62.0,115.0,54.0,108.0,216.0,95.0,400.0,51.0,335.0,357.0,446.0,185.0,81.0,50.0,159.0,222.0,143.0,89.0,380.0,165.0,209.0,143.0,133.0,185.0,114.0,10.0,157.0,27.0,417.0,234.0,172.0,65.0,175.0,139.0,130.0,568.0,217.0,148.0,279.0,314.0,181.0,133.0,110.0
Advanced_210_male,210,male,168.0,473.0,325.0,285.0,201.0,324.0,20.0,295.0,301.0,263.0,301.0,485.0,349.0,29.0,146.0,113.0,91.0,93.0,62.0,120.0,156.0,115.0,174.0,98.0,160.0,334.0,157.0,565.0,87.0,514.0,520.0,692.0,290.0,133.0,74.0,270.0,343.0,235.0,162.0,541.0,308.0,362.0,287.0,211.0,293.0,163.0,21.0,272.0,60.0,603.0,408.0,286.0,114.0,282.0,245.0,215.0,791.0,324.0,250.0,425.0,538.0,308.0,215.0,178.0
Beginner_210_female,210,female,25.0,66.0,65.0,47.0,27.0,31.0,0.0,90.0,78.0,46.0,77.0,123.0,67.0,0.0,22.0,19.0,13.0,10.0,8.0,16.0,25.0,19.0,23.0,12.0,37.0,92.0,26.0,85.0,16.0,142.0,93.0,118.0,54.0,25.0,10.0,56.0,54.0,43.0,20.0,65.0,43.0,57.0,27.0,51.0,82.0,30.0,0.0,63.0,0.0,169.0,86.0,63.0,21.0,46.0,35.0,44.0,149.0,74.0,58.0,101.0,138.0,53.0,33.0,30.0
Beginner_210_male,210,male,54.0,154.0,148.0,124.0,42.0,101.0,0.0,145.0,126.0,102.0,147.0,233.0,158.0,2.0,50.0,32.0,20.0,20.0,12.0,27.0,53.0,43.0,48.0,19.0,60.0,157.0,41.0,165.0,27.0,256.0,149.0,227.0,139.0,58.0,20.0,110.0,106.0,72.0,53.0,112.0,105.0,123.0,83.0,96.0,134.0,50.0,0.0,109.0,6.0,258.0,169.0,122.0,42.0,87.0,90.0,91.0,275.0,144.0,98.0,197.0,264.0,113.0,57.0,49.0
Elite_210_female,210,female,142.0,398.0,264.0,199.0,172.0,208.0,13.0,224.0,225.0,197.0,241.0,400.0,291.0,24.0,120.0,93.0,78.0,68.0,49.0,99.0,107.0,80.0,160.0,74.0,138.0,267.0,127.0,552.0,67.0,414.0,479.0,598.0,243.0,106.0,69.0,204.0,300.0,188.0,122.0,537.0,221.0,278.0,201.0,169.0,227.0,153.0,16.0,197.0,40.0,521.0,298.0,219.0,84.0,234.0,188.0,168.0,762.0,280.0,186.0,355.0,387.0,239.0,179.0,148.0
Elite_210_male,210,male,219.0,614.0,397.0,351.0,278.0,423.0,27.0,355.0,374.0,331.0,362.0,587.0,427.0,41.0,188.0,150.0,124.0,128.0,87.0,164.0,202.0,146.0,231.0,137.0,202.0,406.0,211.0,744.0,113.0,617.0,687.0,896.0,351.0,164.0,100.0,338.0,449.0,307.0,210.0,749.0,396.0,466.0,380.0,258.0,358.0,212.0,29.0,341.0,83.0,745.0,507.0,354.0,145.0,368.0,311.0,267.0,1015.0,397.0,314.0,517.0,647.0,392.0,287.0,237.0
Intermediate_210_female,210,female,71.0,197.0,148.0,110.0,84.0,100.0,5.0,149.0,142.0,109.0,147.0,241.0,160.0,8.0,61.0,49.0,39.0,33.0,24.0,49.0,59.0,45.0,76.0,37.0,79.0,168.0,67.0,268.0,37.0,261.0,248.0,312.0,132.0,59.0,33.0,118.0,152.0,103.0,61.0,244.0,115.0,147.0,94.0,101.0,145.0,80.0,5.0,121.0,15.0,320.0,176.0,129.0,47.0,122.0,96.0,96.0,396.0,161.0,113.0,209.0,246.0,129.0,91.0,77.0
Intermediate_210_male,210,male,122.0,346.0,257.0,223.0,134.0,235.0,12.0,239.0,234.0,200.0,243.0,389.0,276.0,19.0,108.0,80.0,61.0,62.0,41.0,81.0,115.0,87.0,122.0,64.0,121.0,267.0,109.0,403.0,63.0,417.0,369.0,506.0,233.0,104.0,52.0,208.0,248.0,169.0,118.0,360.0,227.0,267.0,204.0,167.0,232.0,117.0,12.0,209.0,38.0,470.0,315.0,223.0,86.0,203.0,184.0,168.0,586.0,255.0,191.0,338.0,435.0,232.0,150.0,125.0
Novice_210_female,210,female,44.0,121.0,101.0,75.0,51.0,60.0,0.0,117.0,107.0,74.0,108.0,176.0,107.0,1.0,39.0,32.0,24.0,20.0,15.0,30.0,40.0,30.0,45.0,23.0,56.0,126.0,44.0,162.0,25.0,196.0,159.0,201.0,88.0,40.0,20.0,83.0,96.0,69.0,37.0,138.0,74.0,96.0,55.0,73.0,111.0,51.0,0.0,89.0,6.0,237.0,126.0,92.0,33.0,79.0,61.0,67.0,255.0,112.0,83.0,149.0,187.0,86.0,58.0,50.0
Novice_210_male,210,male,84.0,238.0,197.0,169.0,80.0,159.0,6.0,188.0,175.0,145.0,191.0,304.0,211.0,10.0,75.0,53.0,37.0,38.0,24.0,50.0,80.0,62.0,80.0,38.0,87.0,207.0,70.0,268.0,43.0,329.0,244.0,349.0,182.0,79.0,33.0,154.0,168.0,114.0,82.0,215.0,159.0,186.0,136.0,128.0,178.0,80.0,6.0,153.0,19.0,354.0,235.0,167.0,61.0,138.0,132.0,126.0,413.0,194.0,139.0,261.0,342.0,166.0,97.0,82.0
Advanced_220_female,220,female,107.0,300.0,209.0,155.0,129.0,154.0,8.0,189.0,185.0,153.0,198.0,325.0,228.0,15.0,91.0,71.0,59.0,50.0,37.0,73.0,83.0,63.0,118.0,56.0,110.0,221.0,96.0,410.0,52.0,342.0,363.0,455.0,190.0,84.0,51.0,162.0,225.0,146.0,91.0,390.0,170.0,214.0,147.0,137.0,189.0,118.0,9.0,160.0,26.0,427.0,238.0,176.0,66.0,178.0,144.0,133.0,583.0,225.0,151.0,286.0,320.0,185.0,136.0,113.0
Advanced_220_male,220,male,174.0,493.0,338.0,295.0,207.0,334.0,19.0,305.0,311.0,271.0,314.0,503.0,364.0,29.0,151.0,116.0,93.0,96.0,64.0,124.0,162.0,120.0,180.0,102.0,165.0,346.0,161.0,585.0,90.0,531.0,541.0,715.0,302.0,138.0,77.0,278.0,353.0,242.0,169.0,561.0,318.0,375.0,298.0,220.0,302.0,168.0,20.0,282.0,58.0,623.0,423.0,296.0,119.0,290.0,256.0,224.0,820.0,335.0,258.0,442.0,557.0,320.0,222.0,184.0
Beginner_220_female,220,female,26.0,70.0,68.0,49.0,29.0,33.0,0.0,92.0,80.0,48.0,81.0,127.0,71.0,0.0,23.0,19.0,13.0,11.0,9.0,17.0,26.0,20.0,24.0,13.0,39.0,95.0,27.0,90.0,16.0,147.0,95.0,122.0,57.0,27.0,10.0,57.0,56.0,45.0,21.0,69.0,45.0,60.0,28.0,53.0,85.0,32.0,0.0,65.0,0.0,175.0,88.0,65.0,22.0,48.0,37.0,46.0,156.0,79.0,60.0,106.0,141.0,55.0,34.0,31.0
Beginner_220_male,220,male,57.0,165.0,156.0,131.0,44.0,107.0,0.0,151.0,132.0,107.0,156.0,245.0,168.0,2.0,53.0,34.0,21.0,22.0,13.0,29.0,56.0,45.0,51.0,21.0,63.0,165.0,43.0,176.0,29.0,267.0,161.0,240.0,148.0,62.0,21.0,115.0,111.0,76.0,57.0,121.0,111.0,130.0,89.0,102.0,140.0,53.0,0.0,115.0,6.0,271.0,178.0,128.0,45.0,91.0,97.0,97.0,292.0,151.0,102.0,209.0,278.0,121.0,61.0,52.0
Elite_220_female,220,female,145.0,408.0,270.0,202.0,177.0,212.0,12.0,228.0,229.0,200.0,248.0,408.0,299.0,23.0,123.0,94.0,80.0,69.0,50.0,100.0,109.0,82.0,163.0,76.0,141.0,272.0,128.0,563.0,68.0,423.0,486.0,608.0,250.0,109.0,70.0,207.0,305.0,191.0,124.0,549.0,227.0,284.0,204.0,173.0,232.0,158.0,15.0,200.0,38.0,533.0,303.0,223.0,86.0,238.0,193.0,171.0,779.0,289.0,189.0,363.0,393.0,244.0,183.0,151.0
Elite_220_male,220,male,225.0,637.0,411.0,362.0,285.0,435.0,26.0,366.0,385.0,340.0,376.0,606.0,443.0,40.0,194.0,154.0,127.0,131.0,89.0,169.0,208.0,151.0,238.0,141.0,208.0,418.0,216.0,767.0,117.0,635.0,712.0,923.0,364.0,169.0,103.0,346.0,459.0,316.0,218.0,772.0,408.0,481.0,392.0,268.0,368.0,218.0,28.0,352.0,81.0,767.0,524.0,365.0,150.0,377.0,323.0,276.0,1048.0,410.0,323.0,535.0,668.0,405.0,296.0,244.0
Intermediate_220_female,220,female,73.0,204.0,153.0,113.0,87.0,103.0,4.0,152.0,145.0,111.0,153.0,248.0,165.0,8.0,63.0,50.0,40.0,33.0,25.0,50.0,60.0,46.0,78.0,38.0,82.0,172.0,68.0,276.0,38.0,267.0,253.0,319.0,137.0,61.0,34.0,121.0,155.0,105.0,62.0,252.0,119.0,151.0,96.0,104.0,149.0,83.0,4.0,123.0,15.0,330.0,179.0,132.0,49.0,125.0,100.0,98.0,408.0,167.0,115.0,215.0,251.0,132.0,94.0,80.0
Intermediate_220_male,220,male,127.0,363.0,269.0,232.0,138.0,243.0,12.0,247.0,242.0,207.0,254.0,405.0,289.0,18.0,112.0,83.0,63.0,65.0,42.0,84.0,120.0,91.0,128.0,67.0,125.0,277.0,113.0,420.0,66.0,432.0,387.0,526.0,244.0,109.0,54.0,215.0,256.0,175.0,124.0,376.0,236.0,278.0,214.0,175.0,241.0,122.0,12.0,217.0,37.0,487.0,329.0,231.0,90.0,210.0,194.0,175.0,612.0,265.0,197.0,353.0,452.0,242.0,156.0,130.0
Novice_220_female,220,female,46.0,127.0,105.0,77.0,54.0,62.0,0.0,120.0,109.0,75.0,113.0,181.0,112.0,1.0,40.0,33.0,25.0,20.0,16.0,30.0,41.0,32.0,47.0,24.0,58.0,130.0,44.0,168.0,26.0,201.0,163.0,207.0,92.0,42.0,20.0,85.0,98.0,71.0,38.0,144.0,77.0,99.0,57.0,76.0,114.0,53.0,0.0,91.0,6.0,245.0,129.0,95.0,34.0,81.0,64.0,69.0,265.0,118.0,85.0,154.0,191.0,88.0,60.0,52.0
Novice_220_male,220,male,88.0,252.0,207.0,177.0,84.0,167.0,6.0,195.0,182.0,152.0,201.0,318.0,223.0,9.0,79.0,55.0,39.0,40.0,25.0,52.0,84.0,66.0,84.0,40.0,91.0,216.0,73.0,282.0,45.0,343.0,259.0,366.0,192.0,83.0,35.0,159.0,175.0,119.0,86.0,227.0,166.0,196.0,143.0,135.0,186.0,83.0,6.0,161.0,19.0,369.0,246.0,175.0,65.0,143.0,140.0,132.0,434.0,203.0,145.0,274.0,357.0,175.0,102.0,86.0
Advanced_230_female,230,female,109.0,308.0,214.0,158.0,133.0,156.0,8.0,192.0,188.0,156.0,204.0,332.0,235.0,14.0,94.0,72.0,60.0,51.0,37.0,74.0,85.0,65.0,121.0,57.0,113.0,225.0,97.0,420.0,54.0,350.0,368.0,463.0,196.0,86.0,51.0,164.0,229.0,148.0,93.0,399.0,174.0,218.0,150.0,141.0,193.0,122.0,9.0,163.0,25.0,438.0,243.0,179.0,68.0,181.0,148.0,136.0,597.0,233.0,154.0,293.0,325.0,189.0,140.0,116.0
Advanced_230_male,230,male,179.0,513.0,350.0,306.0,212.0,344.0,18.0,314.0,320.0,279.0,326.0,520.0,378.0,28.0,156.0,120.0,96.0,99.0,66.0,128.0,168.0,124.0,186.0,105.0,169.0,357.0,165.0,604.0,93.0,547.0,562.0,738.0,314.0,143.0,79.0,285.0,362.0,250.0,175.0,579.0,328.0,388.0,309.0,228.0,311.0,172.0,19.0,292.0,57.0,642.0,438.0,305.0,123.0,297.0,266.0,232.0,849.0,346.0,265.0,457.0,575.0,331.0,230.0,190.0
Beginner_230_female,230,female,27.0,74.0,72.0,51.0,31.0,34.0,0.0,94.0,82.0,49.0,84.0,132.0,74.0,0.0,25.0,20.0,14.0,11.0,9.0,17.0,27.0,21.0,25.0,14.0,40.0,98.0,27.0,94.0,17.0,152.0,98.0,127.0,61.0,28.0,11.0,59.0,58.0,46.0,22.0,73.0,48.0,62.0,30.0,55.0,87.0,33.0,0.0,67.0,0.0,182.0,91.0,68.0,23.0,49.0,39.0,47.0,164.0,83.0,61.0,110.0,145.0,57.0,36.0,33.0
Beginner_230_male,230,male,60.0,177.0,165.0,138.0,47.0,113.0,0.0,158.0,138.0,112.0,165.0,257.0,177.0,2.0,55.0,36.0,23.0,23.0,13.0,31.0,59.0,48.0,54.0,22.0,66.0,173.0,45.0,187.0,31.0,279.0,172.0,253.0,156.0,65.0,22.0,119.0,117.0,80.0,60.0,129.0,117.0,138.0,95.0,107.0,146.0,56.0,0.0,121.0,6.0,284.0,188.0,134.0,47.0,96.0,104.0,102.0,310.0,159.0,107.0,220.0,291.0,127.0,65.0,55.0
Elite_230_female,230,female,148.0,418.0,277.0,205.0,181.0,215.0,12.0,231.0,232.0,203.0,254.0,416.0,306.0,22.0,126.0,96.0,81.0,70.0,51.0,102.0,111.0,84.0,166.0,77.0,144.0,277.0,129.0,575.0,70.0,431.0,492.0,617.0,256.0,111.0,71.0,210.0,309.0,194.0,126.0,560.0,232.0,289.0,208.0,177.0,236.0,162.0,15.0,203.0,37.0,544.0,307.0,227.0,88.0,241.0,198.0,175.0,795.0,298.0,192.0,371.0,399.0,248.0,187.0,154.0
Elite_230_male,230,male,231.0,659.0,425.0,374.0,291.0,446.0,26.0,376.0,395.0,349.0,390.0,624.0,458.0,39.0,199.0,158.0,130.0,135.0,91.0,173.0,215.0,156.0,245.0,146.0,213.0,431.0,220.0,790.0,120.0,653.0,736.0,948.0,377.0,175.0,105.0,354.0,470.0,324.0,225.0,793.0,419.0,496.0,405.0,277.0,378.0,224.0,27.0,362.0,79.0,788.0,540.0,375.0,155.0,386.0,335.0,285.0,1080.0,422.0,331.0,553.0,688.0,417.0,304.0,251.0
Intermediate_230_female,230,female,75.0,211.0,157.0,115.0,91.0,105.0,4.0,155.0,147.0,113.0,158.0,254.0,171.0,8.0,65.0,51.0,41.0,34.0,26.0,50.0,62.0,47.0,80.0,39.0,84.0,176.0,69.0,284.0,39.0,274.0,258.0,326.0,142.0,63.0,34.0,123.0,158.0,107.0,63.0,260.0,122.0,155.0,99.0,108.0,152.0,86.0,4.0,126.0,14.0,339.0,183.0,136.0,50.0,127.0,103.0,101.0,420.0,174.0,118.0,221.0,256.0,135.0,97.0,82.0
Intermediate_230_male,230,male,131.0,380.0,280.0,242.0,143.0,252.0,11.0,255.0,250.0,214.0,266.0,420.0,301.0,18.0,116.0,86.0,65.0,67.0,44.0,88.0,125.0,95.0,133.0,70.0,129.0,287.0,116.0,436.0,68.0,446.0,405.0,545.0,255.0,113.0,56.0,221.0,264.0,182.0,130.0,391.0,245.0,289.0,223.0,182.0,249.0,126.0,11.0,226.0,37.0,504.0,341.0,239.0,94.0,216.0,203.0,182.0,637.0,274.0,204.0,367.0,468.0,252.0,163.0,135.0
Novice_230_female,230,female,48.0,132.0,109.0,79.0,56.0,64.0,0.0,122.0,112.0,77.0,118.0,186.0,116.0,1.0,42.0,33.0,25.0,21.0,16.0,31.0,42.0,33.0,48.0,24.0,60.0,133.0,45.0,174.0,27.0,207.0,167.0,212.0,96.0,43.0,20.0,87.0,101.0,73.0,40.0,150.0,80.0,102.0,58.0,79.0,117.0,56.0,0.0,93.0,5.0,253.0,132.0,98.0,35.0,83.0,67.0,71.0,274.0,124.0,87.0,159.0,195.0,91.0,62.0,54.0
Novice_230_male,230,male,91.0,266.0,217.0,185.0,87.0,174.0,6.0,203.0,189.0,158.0,211.0,332.0,234.0,9.0,82.0,58.0,41.0,42.0,26.0,55.0,88.0,69.0,88.0,42.0,94.0,225.0,76.0,296.0,47.0,356.0,274.0,382.0,201.0,87.0,37.0,165.0,181.0,125.0,91.0,239.0,173.0,205.0,151.0,141.0,193.0,87.0,5.0,168.0,19.0,384.0,257.0,182.0,68.0,149.0,148.0,138.0,455.0,211.0,150.0,287.0,372.0,183.0,107.0,90.0
Advanced_240_female,240,female,112.0,316.0,220.0,161.0,137.0,159.0,8.0,196.0,191.0,158.0,210.0,339.0,241.0,14.0,96.0,73.0,61.0,52.0,38.0,75.0,87.0,66.0,123.0,58.0,116.0,229.0,99.0,429.0,55.0,356.0,374.0,471.0,202.0,88.0,52.0,167.0,232.0,151.0,95.0,408.0,178.0,222.0,152.0,145.0,196.0,125.0,9.0,165.0,24.0,448.0,246.0,183.0,70.0,183.0,152.0,139.0,611.0,241.0,156.0,299.0,330.0,192.0,143.0,119.0
Advanced_240_male,240,male,184.0,532.0,362.0,316.0,218.0,354.0,18.0,323.0,329.0,287.0,339.0,536.0,391.0,27.0,161.0,123.0,98.0,102.0,67.0,131.0,174.0,128.0,192.0,109.0,174.0,368.0,169.0,623.0,96.0,562.0,583.0,760.0,326.0,148.0,81.0,292.0,371.0,257.0,182.0,597.0,338.0,400.0,320.0,236.0,320.0,177.0,19.0,301.0,56.0,660.0,452.0,314.0,127.0,304.0,276.0,239.0,877.0,357.0,272.0,473.0,593.0,342.0,237.0,196.0
Beginner_240_female,240,female,28.0,78.0,75.0,52.0,33.0,35.0,0.0,97.0,84.0,51.0,88.0,136.0,78.0,0.0,26.0,21.0,15.0,11.0,9.0,17.0,28.0,22.0,27.0,14.0,42.0,101.0,28.0,99.0,18.0,157.0,101.0,131.0,64.0,29.0,11.0,60.0,59.0,47.0,23.0,77.0,50.0,65.0,31.0,58.0,90.0,35.0,0.0,69.0,0.0,189.0,93.0,70.0,24.0,51.0,41.0,49.0,171.0,88.0,63.0,114.0,148.0,58.0,38.0,34.0
Beginner_240_male,240,male,63.0,188.0,173.0,145.0,49.0,118.0,0.0,164.0,144.0,117.0,174.0,268.0,187.0,2.0,58.0,38.0,24.0,24.0,14.0,33.0,63.0,51.0,58.0,24.0,69.0,180.0,47.0,198.0,33.0,290.0,184.0,266.0,164.0,68.0,23.0,124.0,122.0,84.0,64.0,138.0,123.0,146.0,101.0,113.0,152.0,59.0,0.0,127.0,6.0,296.0,197.0,140.0,50.0,100.0,110.0,107.0,327.0,166.0,112.0,230.0,304.0,134.0,69.0,58.0
Elite_240_female,240,female,151.0,427.0,283.0,208.0,186.0,218.0,11.0,235.0,235.0,205.0,261.0,424.0,313.0,21.0,128.0,97.0,83.0,71.0,51.0,103.0,112.0,85.0,169.0,79.0,147.0,282.0,131.0,586.0,71.0,438.0,498.0,627.0,263.0,114.0,72.0,213.0,313.0,197.0,128.0,571.0,237.0,294.0,211.0,181.0,240.0,166.0,14.0,206.0,36.0,555.0,312.0,231.0,89.0,244.0,202.0,178.0,811.0,306.0,195.0,378.0,404.0,252.0,191.0,157.0
Elite_240_male,240,male,237.0,680.0,438.0,385.0,298.0,457.0,25.0,386.0,405.0,358.0,403.0,642.0,473.0,38.0,204.0,161.0,133.0,138.0,93.0,177.0,221.0,161.0,252.0,150.0,218.0,443.0,225.0,811.0,124.0,670.0,760.0,973.0,389.0,180.0,108.0,362.0,480.0,332.0,233.0,815.0,430.0,510.0,417.0,286.0,388.0,229.0,27.0,373.0,77.0,809.0,556.0,385.0,160.0,394.0,346.0,293.0,1112.0,434.0,339.0,570.0,707.0,430.0,313.0,258.0
Intermediate_240_female,240,female,77.0,217.0,162.0,117.0,94.0,107.0,3.0,158.0,150.0,115.0,163.0,260.0,176.0,7.0,67.0,52.0,42.0,35.0,26.0,51.0,63.0,48.0,83.0,40.0,86.0,180.0,70.0,291.0,40.0,280.0,262.0,333.0,146.0,65.0,35.0,125.0,161.0,109.0,65.0,267.0,126.0,158.0,101.0,111.0,156.0,88.0,4.0,128.0,14.0,348.0,186.0,139.0,52.0,129.0,107.0,104.0,432.0,181.0,120.0,227.0,260.0,138.0,100.0,85.0
Intermediate_240_male,240,male,136.0,396.0,291.0,251.0,147.0,260.0,11.0,263.0,258.0,221.0,277.0,435.0,314.0,18.0,120.0,89.0,67.0,70.0,45.0,91.0,130.0,98.0,138.0,73.0,133.0,297.0,119.0,453.0,71.0,460.0,423.0,564.0,265.0,117.0,58.0,227.0,271.0,188.0,135.0,406.0,253.0,300.0,232.0,189.0,256.0,130.0,11.0,234.0,36.0,521.0,354.0,247.0,97.0,223.0,212.0,189.0,661.0,284.0,210.0,381.0,484.0,261.0,169.0,140.0
Novice_240_female,240,female,49.0,137.0,113.0,81.0,58.0,66.0,0.0,125.0,114.0,79.0,122.0,192.0,121.0,0.0,44.0,34.0,26.0,21.0,16.0,32.0,43.0,34.0,50.0,25.0,62.0,136.0,46.0,180.0,27.0,212.0,170.0,218.0,100.0,45.0,21.0,89.0,103.0,74.0,41.0,156.0,83.0,105.0,60.0,81.0,119.0,58.0,0.0,95.0,5.0,260.0,135.0,100.0,36.0,84.0,70.0,73.0,283.0,129.0,88.0,164.0,199.0,93.0,64.0,56.0
Novice_240_male,240,male,95.0,280.0,227.0,193.0,91.0,180.0,6.0,210.0,196.0,164.0,221.0,345.0,244.0,9.0,86.0,60.0,42.0,44.0,27.0,57.0,92.0,72.0,92.0,44.0,98.0,234.0,78.0,309.0,50.0,368.0,288.0,398.0,210.0,91.0,38.0,170.0,187.0,130.0,96.0,251.0,181.0,214.0,158.0,148.0,200.0,90.0,5.0,175.0,19.0,398.0,268.0,188.0,71.0,154.0,156.0,144.0,475.0,220.0,156.0,299.0,387.0,191.0,112.0,94.0
Advanced_250_female,250,female,114.0,323.0,225.0,163.0,140.0,162.0,7.0,199.0,194.0,160.0,216.0,345.0,247.0,13.0,98.0,74.0,62.0,52.0,39.0,76.0,88.0,67.0,126.0,59.0,118.0,233.0,100.0,438.0,56.0,363.0,379.0,479.0,207.0,90.0,53.0,169.0,236.0,153.0,96.0,418.0,182.0,227.0,155.0,148.0,200.0,128.0,8.0,168.0,24.0,458.0,250.0,186.0,71.0,186.0,156.0,142.0,624.0,248.0,158.0,306.0,335.0,195.0,146.0,122.0
Advanced_250_male,250,male,189.0,550.0,374.0,326.0,223.0,363.0,17.0,332.0,338.0,295.0,350.0,552.0,405.0,27.0,165.0,126.0,101.0,104.0,69.0,135.0,179.0,133.0,198.0,112.0,179.0,378.0,173.0,642.0,99.0,578.0,603.0,781.0,337.0,152.0,84.0,299.0,379.0,264.0,188.0,615.0,347.0,412.0,330.0,244.0,329.0,182.0,18.0,310.0,55.0,678.0,466.0,322.0,132.0,312.0,286.0,247.0,904.0,367.0,279.0,488.0,611.0,353.0,244.0,202.0
Beginner_250_female,250,female,29.0,81.0,78.0,54.0,34.0,37.0,0.0,99.0,86.0,52.0,92.0,140.0,81.0,0.0,27.0,21.0,15.0,12.0,9.0,18.0,29.0,23.0,28.0,15.0,43.0,103.0,28.0,103.0,18.0,161.0,104.0,135.0,67.0,31.0,11.0,61.0,61.0,49.0,24.0,81.0,52.0,67.0,32.0,60.0,92.0,37.0,0.0,70.0,0.0,195.0,95.0,72.0,25.0,52.0,44.0,51.0,178.0,92.0,64.0,118.0,151.0,60.0,39.0,36.0
Beginner_250_male,250,male,66.0,199.0,181.0,152.0,52.0,124.0,0.0,170.0,150.0,122.0,183.0,280.0,196.0,2.0,61.0,39.0,25.0,26.0,15.0,35.0,66.0,54.0,61.0,25.0,72.0,188.0,49.0,208.0,35.0,301.0,195.0,279.0,172.0,71.0,24.0,128.0,127.0,88.0,68.0,146.0,129.0,153.0,106.0,118.0,158.0,61.0,0.0,133.0,6.0,308.0,207.0,146.0,53.0,104.0,116.0,112.0,343.0,173.0,116.0,241.0,316.0,141.0,72.0,61.0
Elite_250_female,250,female,153.0,435.0,289.0,211.0,190.0,221.0,11.0,238.0,238.0,208.0,267.0,431.0,320.0,21.0,131.0,98.0,84.0,72.0,52.0,104.0,114.0,87.0,172.0,80.0,150.0,286.0,132.0,596.0,72.0,446.0,504.0,636.0,269.0,116.0,73.0,215.0,317.0,199.0,130.0,582.0,241.0,298.0,215.0,185.0,244.0,170.0,13.0,209.0,35.0,566.0,316.0,234.0,91.0,246.0,207.0,182.0,826.0,315.0,198.0,385.0,410.0,256.0,195.0,161.0
Elite_250_male,250,male,243.0,701.0,451.0,396.0,304.0,468.0,24.0,395.0,414.0,366.0,416.0,660.0,488.0,37.0,210.0,165.0,136.0,141.0,95.0,182.0,227.0,166.0,258.0,154.0,223.0,454.0,229.0,832.0,127.0,686.0,783.0,997.0,402.0,185.0,110.0,369.0,490.0,340.0,240.0,835.0,441.0,523.0,428.0,294.0,397.0,234.0,26.0,383.0,75.0,828.0,572.0,394.0,165.0,402.0,357.0,302.0,1142.0,445.0,347.0,586.0,726.0,442.0,320.0,264.0
Intermediate_250_female,250,female,79.0,223.0,167.0,120.0,97.0,109.0,3.0,161.0,152.0,117.0,168.0,266.0,181.0,7.0,69.0,53.0,43.0,35.0,26.0,52.0,65.0,50.0,85.0,41.0,89.0,183.0,71.0,299.0,41.0,286.0,267.0,339.0,151.0,66.0,35.0,127.0,164.0,111.0,66.0,274.0,129.0,162.0,103.0,114.0,159.0,91.0,3.0,130.0,13.0,356.0,190.0,141.0,53.0,131.0,110.0,106.0,443.0,187.0,122.0,232.0,265.0,141.0,102.0,87.0
Intermediate_250_male,250,male,140.0,412.0,301.0,259.0,152.0,268.0,10.0,271.0,266.0,228.0,288.0,450.0,325.0,17.0,124.0,91.0,69.0,72.0,46.0,94.0,135.0,102.0,142.0,76.0,137.0,307.0,123.0,468.0,74.0,474.0,440.0,583.0,275.0,122.0,60.0,233.0,279.0,194.0,141.0,420.0,261.0,310.0,240.0,196.0,264.0,134.0,10.0,242.0,35.0,537.0,366.0,255.0,101.0,229.0,220.0,196.0,684.0,293.0,216.0,395.0,500.0,270.0,174.0,145.0
Novice_250_female,250,female,51.0,142.0,117.0,83.0,61.0,67.0,0.0,127.0,116.0,80.0,126.0,197.0,125.0,0.0,45.0,35.0,27.0,22.0,17.0,32.0,45.0,35.0,52.0,26.0,63.0,140.0,47.0,186.0,28.0,217.0,174.0,223.0,103.0,46.0,21.0,90.0,105.0,76.0,42.0,161.0,86.0,108.0,62.0,84.0,122.0,60.0,0.0,97.0,5.0,268.0,137.0,103.0,38.0,86.0,72.0,76.0,292.0,135.0,90.0,169.0,203.0,96.0,67.0,58.0
Novice_250_male,250,male,99.0,294.0,236.0,201.0,94.0,187.0,5.0,217.0,202.0,170.0,231.0,358.0,255.0,9.0,89.0,62.0,44.0,45.0,28.0,60.0,96.0,75.0,96.0,47.0,101.0,242.0,81.0,322.0,52.0,380.0,303.0,414.0,219.0,94.0,40.0,176.0,193.0,135.0,100.0,263.0,188.0,223.0,165.0,154.0,207.0,93.0,5.0,182.0,18.0,412.0,279.0,195.0,74.0,159.0,163.0,150.0,495.0,228.0,161.0,311.0,401.0,199.0,117.0,98.0
Advanced_260_female,260,female,116.0,330.0,230.0,166.0,144.0,164.0,7.0,202.0,197.0,162.0,221.0,352.0,253.0,13.0,101.0,75.0,63.0,53.0,39.0,77.0,90.0,69.0,128.0,61.0,121.0,237.0,101.0,447.0,57.0,370.0,384.0,487.0,212.0,92.0,53.0,172.0,239.0,156.0,98.0,426.0,186.0,231.0,158.0,151.0,203.0,132.0,8.0,170.0,23.0,467.0,254.0,189.0,73.0,188.0,160.0,145.0,637.0,255.0,161.0,312.0,340.0,199.0,149.0,124.0
Advanced_260_male,260,male,194.0,569.0,386.0,335.0,228.0,372.0,16.0,340.0,346.0,302.0,362.0,568.0,418.0,26.0,170.0,130.0,103.0,107.0,71.0,139.0,184.0,137.0,203.0,116.0,183.0,389.0,177.0,660.0,102.0,592.0,623.0,802.0,348.0,157.0,86.0,305.0,388.0,270.0,194.0,632.0,357.0,424.0,340.0,252.0,337.0,186.0,17.0,319.0,53.0,696.0,479.0,331.0,136.0,318.0,296.0,254.0,931.0,377.0,286.0,503.0,628.0,363.0,250.0,207.0
Beginner_260_female,260,female,31.0,85.0,81.0,55.0,36.0,38.0,0.0,101.0,88.0,53.0,96.0,144.0,85.0,0.0,28.0,22.0,16.0,12.0,10.0,18.0,30.0,24.0,29.0,16.0,45.0,106.0,29.0,108.0,19.0,165.0,107.0,139.0,70.0,32.0,12.0,63.0,63.0,50.0,24.0,85.0,54.0,69.0,34.0,62.0,94.0,39.0,0.0,72.0,0.0,201.0,98.0,74.0,26.0,53.0,46.0,53.0,185.0,97.0,66.0,122.0,154.0,62.0,41.0,37.0
Beginner_260_male,260,male,69.0,210.0,190.0,158.0,54.0,129.0,0.0,177.0,156.0,127.0,191.0,291.0,205.0,2.0,64.0,41.0,26.0,27.0,16.0,36.0,69.0,56.0,64.0,27.0,75.0,195.0,51.0,219.0,36.0,312.0,207.0,291.0,180.0,74.0,25.0,132.0,132.0,92.0,72.0,155.0,134.0,160.0,112.0,124.0,164.0,64.0,0.0,139.0,6.0,320.0,216.0,151.0,55.0,108.0,123.0,117.0,360.0,180.0,120.0,251.0,328.0,148.0,76.0,64.0
Elite_260_female,260,female,156.0,444.0,295.0,214.0,194.0,224.0,10.0,242.0,241.0,211.0,273.0,438.0,326.0,20.0,134.0,100.0,85.0,73.0,53.0,105.0,116.0,88.0,175.0,81.0,153.0,290.0,133.0,607.0,74.0,453.0,510.0,644.0,275.0,118.0,73.0,218.0,320.0,202.0,132.0,592.0,246.0,303.0,218.0,189.0,247.0,173.0,13.0,211.0,34.0,576.0,320.0,238.0,93.0,249.0,211.0,185.0,841.0,323.0,200.0,392.0,415.0,259.0,198.0,164.0
Elite_260_male,260,male,248.0,722.0,464.0,407.0,310.0,478.0,23.0,404.0,424.0,375.0,429.0,677.0,502.0,36.0,215.0,169.0,138.0,144.0,97.0,186.0,233.0,170.0,265.0,157.0,228.0,465.0,233.0,853.0,131.0,702.0,805.0,1021.0,413.0,190.0,113.0,377.0,499.0,348.0,247.0,855.0,451.0,537.0,440.0,303.0,406.0,239.0,25.0,392.0,74.0,848.0,586.0,404.0,169.0,410.0,368.0,310.0,1172.0,456.0,354.0,603.0,745.0,453.0,328.0,271.0
Intermediate_260_female,260,female,81.0,229.0,171.0,122.0,99.0,111.0,3.0,164.0,155.0,119.0,173.0,272.0,186.0,7.0,71.0,54.0,44.0,36.0,27.0,53.0,66.0,51.0,87.0,42.0,91.0,187.0,72.0,306.0,42.0,291.0,271.0,346.0,155.0,68.0,36.0,129.0,167.0,113.0,67.0,281.0,133.0,165.0,106.0,117.0,162.0,94.0,3.0,132.0,12.0,365.0,193.0,144.0,55.0,133.0,113.0,109.0,454.0,193.0,124.0,238.0,269.0,144.0,105.0,89.0
Intermediate_260_male,260,male,144.0,428.0,312.0,268.0,156.0,276.0,10.0,279.0,273.0,234.0,298.0,464.0,337.0,17.0,128.0,94.0,71.0,74.0,48.0,97.0,139.0,106.0,147.0,79.0,141.0,316.0,126.0,484.0,76.0,487.0,457.0,601.0,285.0,126.0,61.0,239.0,286.0,200.0,146.0,434.0,269.0,321.0,249.0,203.0,272.0,138.0,10.0,249.0,35.0,552.0,378.0,262.0,105.0,235.0,229.0,202.0,707.0,302.0,222.0,408.0,516.0,280.0,180.0,150.0
Novice_260_female,260,female,52.0,147.0,121.0,84.0,63.0,69.0,0.0,130.0,118.0,82.0,131.0,201.0,129.0,0.0,47.0,36.0,28.0,22.0,17.0,33.0,46.0,36.0,53.0,27.0,65.0,143.0,47.0,192.0,29.0,222.0,177.0,228.0,107.0,48.0,22.0,92.0,107.0,78.0,43.0,167.0,88.0,111.0,64.0,87.0,125.0,63.0,0.0,99.0,5.0,275.0,140.0,105.0,39.0,88.0,75.0,78.0,301.0,140.0,92.0,173.0,206.0,98.0,69.0,60.0
Novice_260_male,260,male,102.0,307.0,245.0,208.0,97.0,194.0,5.0,224.0,209.0,175.0,240.0,370.0,265.0,9.0,92.0,64.0,45.0,47.0,29.0,62.0,100.0,78.0,100.0,49.0,104.0,250.0,83.0,335.0,54.0,392.0,316.0,429.0,228.0,98.0,41.0,181.0,199.0,139.0,105.0,274.0,194.0,232.0,172.0,160.0,213.0,97.0,5.0,189.0,18.0,426.0,289.0,202.0,77.0,164.0,170.0,156.0,515.0,236.0,166.0,323.0,415.0,207.0,121.0,102.0
Advanced_270_male,270,male,199.0,586.0,397.0,345.0,233.0,381.0,16.0,348.0,354.0,309.0,374.0,583.0,430.0,26.0,174.0,133.0,105.0,110.0,72.0,142.0,189.0,141.0,208.0,119.0,187.0,399.0,180.0,677.0,105.0,607.0,642.0,822.0,358.0,161.0,88.0,312.0,396.0,277.0,200.0,649.0,366.0,436.0,349.0,259.0,345.0,191.0,17.0,327.0,52.0,713.0,492.0,339.0,140.0,325.0,306.0,262.0,956.0,387.0,292.0,517.0,644.0,373.0,257.0,212.0
Beginner_270_male,270,male,71.0,221.0,197.0,165.0,57.0,134.0,0.0,182.0,161.0,132.0,199.0,302.0,214.0,2.0,66.0,43.0,27.0,28.0,16.0,38.0,72.0,59.0,67.0,28.0,77.0,202.0,53.0,229.0,38.0,322.0,218.0,304.0,188.0,78.0,27.0,137.0,136.0,96.0,75.0,163.0,140.0,167.0,118.0,129.0,170.0,67.0,0.0,144.0,6.0,332.0,224.0,157.0,58.0,112.0,129.0,122.0,376.0,187.0,125.0,262.0,340.0,154.0,80.0,67.0
Elite_270_male,270,male,254.0,742.0,476.0,417.0,315.0,488.0,22.0,413.0,433.0,383.0,441.0,694.0,516.0,35.0,220.0,172.0,141.0,147.0,99.0,190.0,239.0,175.0,271.0,161.0,233.0,476.0,237.0,873.0,134.0,718.0,827.0,1044.0,425.0,195.0,115.0,384.0,509.0,355.0,253.0,875.0,461.0,550.0,451.0,311.0,415.0,244.0,24.0,402.0,72.0,867.0,601.0,413.0,174.0,418.0,379.0,318.0,1201.0,467.0,361.0,618.0,763.0,465.0,336.0,277.0
Intermediate_270_male,270,male,148.0,443.0,322.0,276.0,160.0,283.0,10.0,286.0,281.0,241.0,309.0,478.0,349.0,16.0,132.0,97.0,73.0,76.0,49.0,100.0,144.0,109.0,152.0,81.0,145.0,325.0,129.0,499.0,79.0,500.0,473.0,618.0,294.0,130.0,63.0,245.0,293.0,205.0,151.0,448.0,277.0,331.0,257.0,210.0,279.0,141.0,10.0,257.0,34.0,568.0,390.0,270.0,108.0,241.0,237.0,209.0,730.0,311.0,228.0,421.0,531.0,288.0,186.0,154.0
Novice_270_male,270,male,106.0,320.0,254.0,216.0,101.0,200.0,5.0,230.0,215.0,181.0,250.0,383.0,276.0,9.0,96.0,67.0,47.0,49.0,30.0,65.0,104.0,81.0,104.0,51.0,108.0,259.0,86.0,348.0,56.0,404.0,330.0,444.0,237.0,101.0,42.0,186.0,205.0,144.0,109.0,285.0,201.0,240.0,179.0,166.0,220.0,100.0,4.0,195.0,18.0,439.0,300.0,208.0,81.0,169.0,178.0,161.0,534.0,244.0,171.0,335.0,428.0,214.0,126.0,105.0
Advanced_280_male,280,male,203.0,604.0,408.0,354.0,238.0,390.0,15.0,356.0,363.0,316.0,385.0,598.0,443.0,25.0,178.0,136.0,107.0,112.0,74.0,146.0,195.0,145.0,214.0,122.0,191.0,409.0,184.0,694.0,108.0,621.0,661.0,842.0,369.0,166.0,90.0,318.0,404.0,283.0,206.0,665.0,374.0,447.0,359.0,266.0,353.0,195.0,16.0,335.0,51.0,729.0,505.0,347.0,144.0,332.0,315.0,269.0,982.0,397.0,299.0,531.0,660.0,383.0,263.0,218.0
Beginner_280_male,280,male,74.0,232.0,205.0,171.0,59.0,139.0,0.0,188.0,167.0,136.0,208.0,313.0,223.0,2.0,69.0,45.0,28.0,30.0,17.0,40.0,76.0,61.0,70.0,30.0,80.0,209.0,55.0,239.0,40.0,332.0,229.0,316.0,195.0,81.0,28.0,141.0,141.0,100.0,79.0,171.0,145.0,174.0,123.0,134.0,175.0,69.0,0.0,150.0,6.0,343.0,233.0,162.0,61.0,116.0,135.0,127.0,392.0,193.0,129.0,272.0,352.0,160.0,83.0,70.0
Elite_280_male,280,male,259.0,761.0,488.0,427.0,321.0,498.0,22.0,422.0,442.0,391.0,454.0,710.0,530.0,34.0,224.0,176.0,144.0,150.0,101.0,194.0,245.0,179.0,277.0,165.0,238.0,487.0,241.0,892.0,137.0,733.0,848.0,1066.0,436.0,200.0,117.0,391.0,518.0,363.0,260.0,894.0,471.0,562.0,461.0,319.0,424.0,249.0,23.0,411.0,71.0,885.0,615.0,422.0,178.0,425.0,390.0,326.0,1229.0,478.0,369.0,634.0,780.0,476.0,343.0,283.0
Intermediate_280_male,280,male,152.0,458.0,332.0,285.0,164.0,291.0,9.0,293.0,288.0,247.0,319.0,491.0,360.0,16.0,136.0,99.0,75.0,78.0,50.0,103.0,148.0,112.0,156.0,84.0,148.0,334.0,132.0,514.0,81.0,513.0,489.0,636.0,304.0,133.0,65.0,250.0,300.0,211.0,156.0,462.0,285.0,341.0,265.0,216.0,286.0,145.0,10.0,264.0,33.0,583.0,401.0,277.0,112.0,246.0,246.0,215.0,752.0,320.0,233.0,434.0,545.0,297.0,191.0,159.0
Novice_280_male,280,male,109.0,333.0,263.0,223.0,104.0,206.0,5.0,237.0,222.0,186.0,259.0,395.0,285.0,9.0,99.0,69.0,48.0,50.0,31.0,67.0,108.0,84.0,108.0,53.0,111.0,266.0,88.0,360.0,58.0,416.0,344.0,458.0,245.0,105.0,44.0,190.0,211.0,149.0,113.0,296.0,208.0,249.0,186.0,172.0,226.0,103.0,4.0,202.0,18.0,452.0,310.0,214.0,84.0,173.0,185.0,167.0,553.0,251.0,176.0,346.0,441.0,222.0,130.0,109.0
Advanced_290_male,290,male,208.0,621.0,419.0,363.0,243.0,398.0,15.0,364.0,370.0,323.0,396.0,613.0,455.0,24.0,182.0,139.0,109.0,114.0,75.0,149.0,199.0,148.0,219.0,125.0,195.0,418.0,187.0,711.0,110.0,635.0,679.0,861.0,379.0,170.0,92.0,324.0,412.0,290.0,212.0,681.0,383.0,458.0,368.0,273.0,361.0,199.0,16.0,344.0,50.0,746.0,518.0,355.0,148.0,338.0,324.0,276.0,1006.0,406.0,305.0,545.0,676.0,393.0,269.0,223.0
Beginner_290_male,290,male,77.0,242.0,213.0,177.0,62.0,144.0,0.0,194.0,172.0,141.0,216.0,323.0,231.0,2.0,72.0,46.0,29.0,31.0,18.0,42.0,79.0,64.0,73.0,31.0,83.0,216.0,57.0,249.0,41.0,342.0,239.0,328.0,203.0,83.0,29.0,145.0,146.0,104.0,82.0,180.0,150.0,181.0,129.0,139.0,181.0,72.0,0.0,155.0,6.0,354.0,242.0,168.0,63.0,119.0,141.0,132.0,407.0,200.0,133.0,282.0,364.0,167.0,87.0,73.0
Elite_290_male,290,male,264.0,780.0,500.0,437.0,327.0,507.0,21.0,430.0,450.0,398.0,466.0,726.0,543.0,33.0,229.0,179.0,146.0,153.0,103.0,198.0,250.0,183.0,283.0,168.0,242.0,498.0,245.0,911.0,140.0,748.0,869.0,1088.0,448.0,204.0,120.0,397.0,526.0,370.0,266.0,912.0,481.0,575.0,472.0,327.0,432.0,254.0,23.0,420.0,69.0,903.0,629.0,430.0,183.0,433.0,400.0,333.0,1257.0,488.0,375.0,649.0,798.0,486.0,350.0,288.0
Intermediate_290_male,290,male,156.0,473.0,341.0,293.0,168.0,298.0,9.0,301.0,295.0,253.0,329.0,504.0,371.0,16.0,139.0,102.0,77.0,80.0,52.0,105.0,152.0,116.0,161.0,86.0,152.0,342.0,134.0,528.0,83.0,526.0,505.0,652.0,313.0,137.0,66.0,256.0,306.0,216.0,161.0,475.0,292.0,350.0,273.0,223.0,293.0,149.0,9.0,272.0,33.0,597.0,413.0,284.0,115.0,252.0,254.0,221.0,774.0,328.0,239.0,446.0,560.0,306.0,196.0,163.0
Novice_290_male,290,male,112.0,345.0,272.0,230.0,107.0,213.0,4.0,243.0,228.0,192.0,268.0,407.0,295.0,8.0,102.0,71.0,50.0,52.0,32.0,69.0,112.0,87.0,112.0,55.0,114.0,274.0,91.0,372.0,60.0,427.0,357.0,472.0,254.0,108.0,45.0,195.0,217.0,153.0,118.0,306.0,214.0,257.0,193.0,178.0,232.0,106.0,4.0,208.0,17.0,465.0,319.0,221.0,87.0,178.0,192.0,173.0,572.0,259.0,181.0,357.0,454.0,229.0,135.0,113.0
Advanced_300_male,300,male,212.0,637.0,429.0,372.0,247.0,406.0,14.0,372.0,378.0,330.0,407.0,627.0,467.0,24.0,186.0,142.0,111.0,117.0,77.0,152.0,204.0,152.0,224.0,128.0,199.0,428.0,190.0,727.0,113.0,648.0,697.0,880.0,389.0,174.0,94.0,330.0,419.0,296.0,217.0,697.0,391.0,469.0,377.0,280.0,368.0,203.0,15.0,352.0,49.0,762.0,530.0,363.0,151.0,344.0,333.0,282.0,1030.0,415.0,311.0,559.0,692.0,402.0,275.0,228.0
Beginner_300_male,300,male,80.0,253.0,220.0,183.0,64.0,149.0,0.0,199.0,177.0,145.0,224.0,333.0,240.0,2.0,74.0,48.0,31.0,32.0,19.0,43.0,82.0,66.0,76.0,33.0,85.0,223.0,59.0,258.0,43.0,352.0,250.0,339.0,210.0,86.0,30.0,149.0,150.0,107.0,86.0,188.0,156.0,188.0,134.0,144.0,186.0,74.0,0.0,161.0,6.0,365.0,250.0,173.0,66.0,123.0,147.0,136.0,423.0,206.0,137.0,291.0,375.0,173.0,90.0,76.0
Elite_300_male,300,male,269.0,799.0,511.0,447.0,332.0,517.0,20.0,439.0,459.0,406.0,477.0,741.0,556.0,33.0,234.0,182.0,148.0,156.0,104.0,202.0,256.0,188.0,289.0,172.0,246.0,508.0,249.0,930.0,143.0,763.0,889.0,1109.0,458.0,209.0,122.0,404.0,535.0,377.0,273.0,930.0,490.0,587.0,482.0,334.0,441.0,258.0,22.0,429.0,68.0,920.0,643.0,439.0,187.0,440.0,410.0,341.0,1284.0,498.0,382.0,664.0,814.0,497.0,357.0,294.0
Intermediate_300_male,300,male,160.0,487.0,351.0,301.0,172.0,305.0,9.0,307.0,302.0,259.0,339.0,517.0,382.0,15.0,143.0,104.0,78.0,82.0,53.0,108.0,157.0,119.0,165.0,89.0,155.0,351.0,137.0,542.0,86.0,538.0,521.0,669.0,322.0,141.0,68.0,261.0,313.0,221.0,166.0,488.0,300.0,360.0,281.0,229.0,300.0,152.0,9.0,279.0,32.0,611.0,424.0,291.0,118.0,257.0,262.0,227.0,795.0,336.0,244.0,459.0,574.0,314.0,201.0,167.0
Novice_300_male,300,male,115.0,358.0,280.0,237.0,110.0,219.0,4.0,249.0,234.0,197.0,277.0,418.0,305.0,8.0,105.0,73.0,51.0,54.0,33.0,71.0,115.0,90.0,115.0,57.0,117.0,282.0,93.0,384.0,62.0,438.0,370.0,486.0,262.0,111.0,47.0,200.0,222.0,158.0,122.0,317.0,220.0,265.0,199.0,183.0,238.0,109.0,3.0,214.0,17.0,477.0,329.0,227.0,89.0,182.0,199.0,178.0,590.0,266.0,186.0,368.0,467.0,237.0,139.0,116.0
Advanced_310_male,310,male,217.0,654.0,439.0,380.0,252.0,415.0,14.0,379.0,385.0,337.0,417.0,641.0,478.0,23.0,190.0,144.0,113.0,119.0,78.0,155.0,209.0,156.0,229.0,131.0,203.0,437.0,194.0,743.0,116.0,661.0,714.0,899.0,399.0,178.0,96.0,336.0,426.0,302.0,223.0,712.0,399.0,479.0,386.0,287.0,376.0,207.0,15.0,359.0,48.0,777.0,542.0,370.0,155.0,350.0,342.0,289.0,1054.0,424.0,317.0,572.0,707.0,412.0,281.0,233.0
Beginner_310_male,310,male,82.0,263.0,228.0,189.0,66.0,154.0,0.0,205.0,182.0,150.0,231.0,344.0,248.0,2.0,77.0,50.0,32.0,33.0,19.0,45.0,85.0,69.0,79.0,34.0,88.0,230.0,60.0,268.0,45.0,362.0,261.0,351.0,217.0,89.0,31.0,153.0,154.0,111.0,89.0,196.0,161.0,195.0,139.0,149.0,191.0,76.0,0.0,166.0,6.0,376.0,258.0,178.0,68.0,127.0,153.0,141.0,438.0,213.0,141.0,301.0,386.0,179.0,94.0,79.0
Elite_310_male,310,male,274.0,817.0,523.0,456.0,337.0,526.0,20.0,447.0,467.0,413.0,489.0,756.0,569.0,32.0,238.0,185.0,151.0,158.0,106.0,205.0,261.0,192.0,294.0,175.0,251.0,518.0,253.0,948.0,146.0,777.0,909.0,1130.0,469.0,213.0,124.0,410.0,543.0,383.0,279.0,948.0,499.0,598.0,492.0,342.0,449.0,263.0,21.0,438.0,66.0,937.0,656.0,447.0,191.0,446.0,419.0,348.0,1310.0,508.0,389.0,678.0,831.0,507.0,364.0,300.0
Intermediate_310_male,310,male,164.0,502.0,360.0,308.0,175.0,312.0,9.0,314.0,308.0,265.0,348.0,530.0,392.0,15.0,146.0,107.0,80.0,84.0,54.0,111.0,161.0,122.0,169.0,91.0,159.0,359.0,140.0,556.0,88.0,550.0,536.0,685.0,331.0,145.0,70.0,266.0,319.0,227.0,171.0,501.0,307.0,369.0,289.0,235.0,306.0,156.0,9.0,286.0,31.0,625.0,434.0,297.0,122.0,262.0,270.0,233.0,816.0,345.0,250.0,470.0,587.0,322.0,207.0,172.0
Novice_310_male,310,male,119.0,370.0,289.0,244.0,113.0,224.0,4.0,255.0,240.0,202.0,286.0,430.0,314.0,8.0,108.0,75.0,52.0,55.0,34.0,74.0,119.0,93.0,119.0,59.0,120.0,289.0,95.0,396.0,64.0,449.0,383.0,500.0,270.0,115.0,48.0,204.0,228.0,162.0,126.0,327.0,226.0,273.0,206.0,189.0,244.0,112.0,3.0,220.0,17.0,490.0,339.0,233.0,92.0,187.0,206.0,183.0,608.0,273.0,190.0,379.0,479.0,244.0,143.0,120.0
